4395076,2442532,IND,2022-06-04T00:22:05Z
4414704,4388371,LKA,2022-06-11T18:34:29Z
4386398,4363062,IND,2022-06-01T06:17:04Z
4395543,4356830,POL,2022-06-04T04:48:13Z
4385485,2443168,IND,2022-06-01T01:52:32Z
4411519,4408730,ARE,2022-06-10T09:31:31Z
4391510,4372501,IDN,2022-06-02T16:47:47Z
4417331,2395717,TUR,2022-06-12T22:49:23Z
4385571,4269578,IND,2022-06-01T02:21:45Z
4413944,4413366,ITA,2022-06-11T10:44:11Z
4401642,4353060,BGD,2022-06-06T14:17:06Z
4386997,4250667,BGD,2022-06-01T09:06:25Z
4404546,4376585,AUS,2022-06-07T16:21:31Z
4398294,4376585,USA,2022-06-05T04:10:35Z
4397077,4127030,UKR,2022-06-04T16:08:50Z
4396560,3251182,IDN,2022-06-04T11:45:44Z
4387062,1625655,LKA,2022-06-01T09:33:45Z
4392587,4377284,BGD,2022-06-03T03:19:00Z
4407205,4376585,THA,2022-06-08T17:30:16Z
4390797,2380336,TUR,2022-06-02T11:51:33Z
4411613,4252787,IND,2022-06-10T10:35:51Z
4415731,4321191,TUR,2022-06-12T06:25:12Z
4387885,2441030,IND,2022-06-01T13:58:55Z
4406896,4404042,TUR,2022-06-08T15:03:37Z
4405473,4211199,AUS,2022-06-08T01:41:29Z
4387292,3092415,BGD,2022-06-01T10:43:25Z
4399140,4393708,TUR,2022-06-05T11:23:01Z
4386440,4365354,IND,2022-06-01T06:26:18Z
4395450,4376585,TZA,2022-06-04T04:08:02Z
4396951,4248900,BGD,2022-06-04T14:52:42Z
4409470,3812535,RUS,2022-06-09T13:04:25Z
4397085,4376585,THA,2022-06-04T16:12:53Z
4407468,4376585,USA,2022-06-08T19:42:41Z
4398556,1062016,IND,2022-06-05T06:18:42Z
4409768,4225873,TUR,2022-06-09T16:01:06Z
4407887,1077684,MMR,2022-06-09T00:29:29Z
4387465,2454276,IND,2022-06-01T11:43:06Z
4395062,4376585,GBR,2022-06-04T00:14:29Z
4388684,4371982,IND,2022-06-01T18:42:41Z
4409234,4376585,THA,2022-06-09T11:06:04Z
4385955,2436537,IND,2022-06-01T04:19:04Z
4404922,2738296,UKR,2022-06-07T19:29:29Z
4399376,3092415,BGD,2022-06-05T14:03:33Z
4405744,4388371,LKA,2022-06-08T04:19:50Z
4418709,4416258,NGA,2022-06-13T10:40:03Z
4386342,1062016,IND,2022-06-01T06:03:29Z
4396346,4393805,LKA,2022-06-04T10:11:51Z
4391140,4368849,LKA,2022-06-02T14:14:45Z
4402554,4376585,USA,2022-06-06T21:36:15Z
4389042,4359673,BGD,2022-06-01T21:13:08Z
4386004,3092415,BGD,2022-06-01T04:34:55Z
4409741,4065742,TUR,2022-06-09T15:46:06Z
4389224,4367434,IDN,2022-06-01T23:05:23Z
4388865,4367550,TUN,2022-06-01T19:39:50Z
4399558,4307889,UKR,2022-06-05T15:44:49Z
4415551,4388371,LKA,2022-06-12T04:16:36Z
4386011,2479670,IND,2022-06-01T04:36:37Z
4401552,4371102,BGD,2022-06-06T13:24:37Z
4386852,2507110,BGD,2022-06-01T08:20:44Z
4391344,606086,BEN,2022-06-02T15:32:35Z
4386331,4153634,IDN,2022-06-01T06:00:36Z
4401398,4321130,UKR,2022-06-06T11:53:15Z
4398116,4376585,BRA,2022-06-05T02:44:05Z
4395278,4378478,IDN,2022-06-04T02:43:24Z
4393822,1090035,IND,2022-06-03T14:07:07Z
4413777,4357940,NGA,2022-06-11T09:25:04Z
4395646,1625655,PHL,2022-06-04T05:44:56Z
4404839,4391878,TUR,2022-06-07T18:48:28Z
4392435,4099492,ESP,2022-06-03T02:12:01Z
4386237,2493350,IND,2022-06-01T05:39:14Z
4403727,4376585,EGY,2022-06-07T08:25:46Z
4386043,4357803,LKA,2022-06-01T04:47:19Z
4401009,4336621,LKA,2022-06-06T08:05:39Z
4398711,4307188,UKR,2022-06-05T07:24:28Z
4415798,1129238,VNM,2022-06-12T07:07:35Z
4414047,4413777,NGA,2022-06-11T11:54:10Z
4396886,4362532,PHL,2022-06-04T14:13:19Z
4391445,4350646,BGD,2022-06-02T16:19:11Z
4398661,4376585,PRT,2022-06-05T07:03:23Z
4396624,1146971,DZA,2022-06-04T12:16:13Z
4403085,4388371,KOR,2022-06-07T03:15:08Z
4416887,1129238,VNM,2022-06-12T18:02:22Z
4391497,1119120,IDN,2022-06-02T16:43:17Z
4385878,4370547,IDN,2022-06-01T03:57:34Z
4396033,4395711,IND,2022-06-04T08:12:58Z
4418045,4388371,LKA,2022-06-13T05:55:39Z
4407399,4287361,CHL,2022-06-08T19:08:49Z
4406117,4376585,USA,2022-06-08T07:50:21Z
4398236,4365947,PAK,2022-06-05T03:39:02Z
4398926,4111605,UKR,2022-06-05T09:18:32Z
4387645,4367434,IDN,2022-06-01T12:43:52Z
4385653,2463666,BGD,2022-06-01T02:52:25Z
4391513,4367434,IDN,2022-06-02T16:48:55Z
4399699,679540,UKR,2022-06-05T17:17:13Z
4410678,4359917,BGD,2022-06-10T02:32:46Z
4397014,4362532,PHL,2022-06-04T15:33:01Z
4396694,4349716,PHL,2022-06-04T12:51:12Z
4389659,4357803,LKA,2022-06-02T02:54:54Z
4398316,4376585,USA,2022-06-05T04:19:24Z
4414922,2738296,UKR,2022-06-11T20:38:09Z
4399559,4355253,BGD,2022-06-05T15:44:58Z
4393400,4357489,IND,2022-06-03T10:33:16Z
4386951,4368644,IDN,2022-06-01T08:49:42Z
4401908,1070090,LKA,2022-06-06T16:08:44Z
4407474,4376585,USA,2022-06-08T19:46:57Z
4385812,1625655,LKA,2022-06-01T03:41:07Z
4401453,2440555,IND,2022-06-06T12:28:58Z
4409841,4376585,THA,2022-06-09T16:46:57Z
4401662,4401644,LKA,2022-06-06T14:24:13Z
4409056,4388371,LKA,2022-06-09T09:55:38Z
4411871,4388371,LKA,2022-06-10T12:50:24Z
4409545,3812535,RUS,2022-06-09T13:53:11Z
4402883,3478683,NPL,2022-06-07T01:16:36Z
4389308,4388551,PHL,2022-06-02T00:02:12Z
4397165,4127870,UKR,2022-06-04T16:51:33Z
4388434,4365630,PHL,2022-06-01T17:02:08Z
4389924,2440555,IND,2022-06-02T04:52:01Z
4401109,4390800,BGD,2022-06-06T09:10:45Z
4409473,4336621,LKA,2022-06-09T13:05:54Z
4395777,4376585,USA,2022-06-04T06:47:51Z
4390063,4374880,IDN,2022-06-02T05:58:06Z
4388488,2379572,PAK,2022-06-01T17:20:59Z
4413380,4404375,LKA,2022-06-11T05:50:56Z
4419425,4416731,TUR,2022-06-13T16:30:11Z
4399401,4388280,IND,2022-06-05T14:14:26Z
4388280,4375070,IND,2022-06-01T16:04:40Z
4408807,4376585,THA,2022-06-09T08:26:12Z
4391424,2198839,LKA,2022-06-02T16:09:36Z
4411681,2531169,TUR,2022-06-10T11:12:15Z
4391461,2437990,IND,2022-06-02T16:26:42Z
4401781,4324609,UKR,2022-06-06T15:24:15Z
4401510,1070090,LKA,2022-06-06T12:59:13Z
4398869,4248900,IND,2022-06-05T08:46:39Z
4391249,1091152,IND,2022-06-02T14:54:31Z
4416514,2154945,CHL,2022-06-12T14:50:47Z
4391539,4388371,LKA,2022-06-02T16:57:22Z
4397852,4376585,USA,2022-06-05T00:44:41Z
4392001,3284218,PAK,2022-06-02T21:08:36Z
4401845,4336621,LKA,2022-06-06T15:47:39Z
4388735,4368849,LKA,2022-06-01T18:59:49Z
4391965,4351999,PHL,2022-06-02T20:46:02Z
4404787,4394662,MAR,2022-06-07T18:17:16Z
4416484,4371982,IND,2022-06-12T14:29:06Z
4387804,4369895,IND,2022-06-01T13:36:05Z
4409404,4185809,TUR,2022-06-09T12:25:01Z
4401233,4310077,UKR,2022-06-06T10:30:59Z
4397017,4115284,UKR,2022-06-04T15:35:01Z
4398239,2443850,BRA,2022-06-05T03:41:27Z
4399440,4319271,UKR,2022-06-05T14:38:02Z
4388248,4387913,IND,2022-06-01T15:52:10Z
4386949,4348602,IND,2022-06-01T08:49:36Z
4385491,4376025,BGD,2022-06-01T01:55:18Z
4385393,4370547,IDN,2022-06-01T01:19:22Z
4411674,1007955,GBR,2022-06-10T11:10:22Z
4385637,4350295,BGD,2022-06-01T02:46:33Z
4396451,4354113,KEN,2022-06-04T10:47:16Z
4409794,4376585,THA,2022-06-09T16:13:11Z
4411256,4388371,LKA,2022-06-10T07:31:28Z
4387648,3458750,BGD,2022-06-01T12:44:52Z
4386988,4322386,IDN,2022-06-01T09:01:13Z
4411646,4367630,UKR,2022-06-10T10:53:55Z
4386948,4374091,IDN,2022-06-01T08:48:24Z
4402593,4376585,ESP,2022-06-06T21:54:22Z
4416136,4402415,NGA,2022-06-12T10:00:26Z
4405736,4376585,RUS,2022-06-08T04:17:35Z
4409826,3812535,RUS,2022-06-09T16:37:17Z
4390438,4350674,BGD,2022-06-02T08:34:30Z
4393773,3092415,BGD,2022-06-03T13:37:03Z
4418376,2450816,IND,2022-06-13T08:45:13Z
4396569,4113412,UKR,2022-06-04T11:47:53Z
4418910,4039490,KOR,2022-06-13T12:37:35Z
4402602,4376585,USA,2022-06-06T22:00:43Z
4399198,4317803,UKR,2022-06-05T11:56:35Z
4403256,4336621,LKA,2022-06-07T04:39:51Z
4408503,4376585,THA,2022-06-09T06:16:13Z
4386710,4248602,PAK,2022-06-01T07:35:03Z
4388969,3081670,TUR,2022-06-01T20:27:02Z
4409564,3812535,RUS,2022-06-09T14:03:53Z
4409187,3812535,RUS,2022-06-09T10:46:11Z
4405877,4388371,LKA,2022-06-08T05:26:49Z
4400964,2443850,IND,2022-06-06T07:39:24Z
4404445,4376585,AUT,2022-06-07T15:27:16Z
4395711,1800265,IND,2022-06-04T06:17:18Z
4398698,4376585,NLD,2022-06-05T07:20:39Z
4393075,2716091,TUR,2022-06-03T07:29:41Z
4402437,4376585,USA,2022-06-06T20:28:51Z
4414784,695054,USA,2022-06-11T19:09:16Z
4387258,4376740,IDN,2022-06-01T10:36:35Z
4402415,4267703,NGA,2022-06-06T20:13:48Z
4396919,4396381,LKA,2022-06-04T14:31:01Z
4386531,1609981,BGD,2022-06-01T06:50:00Z
4391292,4251710,BGD,2022-06-02T15:13:21Z
4392486,1260038,BGD,2022-06-03T02:39:59Z
4390789,4353633,NPL,2022-06-02T11:47:50Z
4397970,4376585,USA,2022-06-05T01:43:43Z
4397166,4376585,THA,2022-06-04T16:51:50Z
4397214,2197914,TUR,2022-06-04T17:21:21Z
4387527,4373680,IDN,2022-06-01T12:03:32Z
4395353,4376585,RUS,2022-06-04T03:17:36Z
4417977,4393805,LKA,2022-06-13T05:14:04Z
4389657,4357993,PAK,2022-06-02T02:54:32Z
4386930,4351069,BGD,2022-06-01T08:44:17Z
4406252,4376585,USA,2022-06-08T09:04:14Z
4391934,4388371,LKA,2022-06-02T20:21:34Z
4407385,4376585,USA,2022-06-08T19:00:32Z
4395084,4395078,ARG,2022-06-04T00:29:26Z
4398451,4376585,USA,2022-06-05T05:21:33Z
4410565,4410255,LKA,2022-06-10T01:30:05Z
4418873,4411384,LKA,2022-06-13T12:09:14Z
4387579,2197914,TUR,2022-06-01T12:23:37Z
4395989,4388371,LKA,2022-06-04T08:00:54Z
4401916,4376585,DEU,2022-06-06T16:10:46Z
4399507,4307651,UKR,2022-06-05T15:13:09Z
4389093,2995513,TUR,2022-06-01T21:41:47Z
4409484,3812535,RUS,2022-06-09T13:10:48Z
4414728,4399214,CAN,2022-06-11T18:45:54Z
4393332,4259152,IND,2022-06-03T09:49:32Z
4392326,4353168,ARG,2022-06-03T00:57:44Z
4385419,2777851,PAK,2022-06-01T01:29:52Z
4409338,4400924,UZB,2022-06-09T11:55:10Z
4392772,4392144,LKA,2022-06-03T04:45:19Z
4413903,4413366,ITA,2022-06-11T10:22:35Z
4409022,4376585,THA,2022-06-09T09:46:17Z
4388660,4383933,TUR,2022-06-01T18:33:37Z
4393518,2489432,BGD,2022-06-03T11:32:57Z
4404149,4376585,THA,2022-06-07T13:06:03Z
4398260,4376585,CAN,2022-06-05T03:50:55Z
4396418,1509370,BGD,2022-06-04T10:31:23Z
4390244,4372962,IDN,2022-06-02T07:13:33Z
4390745,2437990,IND,2022-06-02T11:23:05Z
4395691,1625655,LKA,2022-06-04T06:11:09Z
4398022,1310598,POL,2022-06-05T02:11:23Z
4385549,1625655,IND,2022-06-01T02:16:41Z
4390826,4363096,EGY,2022-06-02T12:04:08Z
4391747,1625655,ITA,2022-06-02T18:42:36Z
4396966,2441030,IND,2022-06-04T15:03:34Z
4400943,4399823,IND,2022-06-06T07:26:02Z
4386363,4365354,IND,2022-06-01T06:07:02Z
4402974,4336621,LKA,2022-06-07T02:26:18Z
4391469,4386253,LKA,2022-06-02T16:28:55Z
4409526,3812535,RUS,2022-06-09T13:45:30Z
4392048,4119711,IDN,2022-06-02T21:40:54Z
4404226,4392637,USA,2022-06-07T13:49:07Z
4391643,4388371,LKA,2022-06-02T17:51:39Z
4409981,4376585,THA,2022-06-09T18:11:45Z
4387064,4353790,BGD,2022-06-01T09:34:19Z
4391889,4334683,GHA,2022-06-02T19:57:21Z
4404249,4391422,TUR,2022-06-07T14:07:17Z
4419509,4357053,PAK,2022-06-13T16:53:46Z
4388579,4357803,LKA,2022-06-01T17:55:40Z
4392406,4363171,IND,2022-06-03T01:54:25Z
4398288,4376585,GBR,2022-06-05T04:06:49Z
4409745,1801264,KEN,2022-06-09T15:49:49Z
4399117,4353869,TUR,2022-06-05T11:09:16Z
4388930,4372795,IDN,2022-06-01T20:08:59Z
4398981,4307678,UKR,2022-06-05T09:49:08Z
4403224,4376585,THA,2022-06-07T04:21:16Z
4399688,4231736,UKR,2022-06-05T17:14:06Z
4388558,4247861,IND,2022-06-01T17:47:11Z
4400824,2443219,IND,2022-06-06T06:17:32Z
4409116,4388371,LKA,2022-06-09T10:17:23Z
4386822,4366872,IDN,2022-06-01T08:11:54Z
4411819,3812535,RUS,2022-06-10T12:19:23Z
4392794,4336621,LKA,2022-06-03T04:55:40Z
4395479,4361857,IND,2022-06-04T04:23:26Z
4393536,1625655,IND,2022-06-03T11:44:10Z
4399579,4307694,UKR,2022-06-05T15:55:06Z
4410316,4388371,LKA,2022-06-09T22:30:02Z
4398656,4376585,USA,2022-06-05T07:02:05Z
4398558,2452199,BGD,2022-06-05T06:19:53Z
4386627,4373592,IDN,2022-06-01T07:11:03Z
4385960,1625655,IND,2022-06-01T04:20:19Z
4406636,4328170,TUR,2022-06-08T12:39:32Z
4401170,4308096,UKR,2022-06-06T10:00:51Z
4396640,4078297,UKR,2022-06-04T12:24:46Z
4387757,2440555,ESP,2022-06-01T13:21:11Z
4407451,4376585,USA,2022-06-08T19:34:51Z
4405798,4376585,THA,2022-06-08T04:48:09Z
4404160,4404132,TUR,2022-06-07T13:13:29Z
4398985,4114880,UKR,2022-06-05T09:49:56Z
4392956,4388371,LKA,2022-06-03T06:17:26Z
4391914,2239542,ZAF,2022-06-02T20:13:39Z
4414719,3092415,BGD,2022-06-11T18:40:55Z
4386200,1625655,IND,2022-06-01T05:30:47Z
4394566,4375150,ITA,2022-06-03T18:56:30Z
4394000,4376585,BGR,2022-06-03T15:19:03Z
4404404,4376585,THA,2022-06-07T15:09:30Z
4395805,4376585,USA,2022-06-04T07:03:39Z
4387880,4349146,PAK,2022-06-01T13:57:12Z
4411830,4410565,LKA,2022-06-10T12:25:56Z
4395295,4376585,USA,2022-06-04T02:51:03Z
4417958,4377188,IDN,2022-06-13T05:01:12Z
4395284,4376585,USA,2022-06-04T02:46:55Z
4398641,2670490,USA,2022-06-05T06:55:54Z
4396538,4127509,UKR,2022-06-04T11:33:39Z
4409957,4376585,THA,2022-06-09T17:56:22Z
4399844,4232210,UKR,2022-06-05T18:47:20Z
4408963,3812535,RUS,2022-06-09T09:24:32Z
4389048,4150610,IDN,2022-06-01T21:16:13Z
4403967,4376585,ZAF,2022-06-07T11:03:46Z
4406236,4376585,USA,2022-06-08T08:58:18Z
4388111,4211199,USA,2022-06-01T15:07:22Z
4397956,4376585,USA,2022-06-05T01:36:55Z
4404545,4376585,THA,2022-06-07T16:21:10Z
4389778,4369286,IND,2022-06-02T03:41:39Z
4398225,4376585,NLD,2022-06-05T03:35:15Z
4399622,4388371,LKA,2022-06-05T16:29:19Z
4417888,4388371,LKA,2022-06-13T04:13:35Z
4403671,4376585,AUS,2022-06-07T07:59:51Z
4416004,1129238,VNM,2022-06-12T08:38:18Z
4396158,4388371,LKA,2022-06-04T08:56:11Z
4398392,635851,TUR,2022-06-05T04:57:27Z
4395676,4376585,GBR,2022-06-04T06:02:52Z
4399657,4111059,VEN,2022-06-05T16:59:52Z
4408223,4376585,THA,2022-06-09T03:39:20Z
4388814,1792935,IDN,2022-06-01T19:24:28Z
4386619,4360610,IDN,2022-06-01T07:09:11Z
4402171,4376585,USA,2022-06-06T18:09:07Z
4410566,4407716,USA,2022-06-10T01:30:19Z
4391983,4367402,PHL,2022-06-02T20:58:41Z
4403267,4365052,IND,2022-06-07T04:47:11Z
4411595,3812535,RUS,2022-06-10T10:24:28Z
4392962,4248900,BGD,2022-06-03T06:19:45Z
4414295,4413777,NGA,2022-06-11T14:15:06Z
4410608,4388371,LKA,2022-06-10T01:59:58Z
4388032,4378600,LKA,2022-06-01T14:47:55Z
4411686,3812535,RUS,2022-06-10T11:13:45Z
4397821,4376585,USA,2022-06-05T00:25:41Z
4386137,4299002,IND,2022-06-01T05:14:03Z
4387381,4251541,BGD,2022-06-01T11:11:56Z
4420185,4322448,USA,2022-06-13T22:39:38Z
4393901,4368031,BGD,2022-06-03T14:47:08Z
4395244,4376585,GBR,2022-06-04T02:19:22Z
4389515,4356983,PHL,2022-06-02T01:51:28Z
4390926,4351069,BGD,2022-06-02T12:44:02Z
4402541,885774,USA,2022-06-06T21:28:29Z
4410728,4409868,USA,2022-06-10T02:56:47Z
4402725,4402704,AUS,2022-06-06T23:31:07Z
4407292,4362436,BGD,2022-06-08T18:10:05Z
4385740,4117971,IND,2022-06-01T03:18:08Z
4411865,3812535,RUS,2022-06-10T12:47:43Z
4403102,4376585,THA,2022-06-07T03:21:20Z
4398553,4366124,IND,2022-06-05T06:16:53Z
4407185,4376585,THA,2022-06-08T17:17:45Z
4398991,4307437,UKR,2022-06-05T09:51:29Z
4399290,4399051,TUR,2022-06-05T13:06:41Z
4392841,4375046,IND,2022-06-03T05:19:38Z
4397774,4376585,USA,2022-06-04T23:54:20Z
4398029,4376585,USA,2022-06-05T02:14:12Z
4413758,1625655,GHA,2022-06-11T09:16:29Z
4418216,1062016,IND,2022-06-13T07:34:12Z
4416068,4119711,IDN,2022-06-12T09:19:25Z
4393320,4372731,IDN,2022-06-03T09:42:11Z
4386091,4117971,IND,2022-06-01T05:02:04Z
4398311,4376585,BRA,2022-06-05T04:17:39Z
4407410,4376585,USA,2022-06-08T19:15:24Z
4387025,4237245,PAK,2022-06-01T09:16:33Z
4396870,4111323,UKR,2022-06-04T14:05:02Z
4388168,4348132,USA,2022-06-01T15:24:59Z
4396730,4395886,NGA,2022-06-04T13:07:23Z
4414935,3058507,TUR,2022-06-11T20:49:02Z
4406309,4363311,BGD,2022-06-08T09:42:22Z
4403490,4403352,KEN,2022-06-07T06:40:27Z
4404072,4350646,BGD,2022-06-07T12:18:33Z
4386981,1609981,BGD,2022-06-01T08:59:05Z
4409863,4376585,THA,2022-06-09T16:58:46Z
4392840,4367434,IDN,2022-06-03T05:18:03Z
4397742,4376585,USA,2022-06-04T23:31:20Z
4397950,4376585,USA,2022-06-05T01:34:36Z
4386963,1625655,IND,2022-06-01T08:52:25Z
4387631,4363535,IND,2022-06-01T12:40:11Z
4409742,3812535,RUS,2022-06-09T15:47:34Z
4388002,4357091,IND,2022-06-01T14:38:52Z
4401193,4233012,UKR,2022-06-06T10:14:56Z
4391890,4388371,LKA,2022-06-02T19:57:21Z
4391410,4369189,BGD,2022-06-02T16:02:37Z
4391639,4388371,LKA,2022-06-02T17:50:25Z
4413834,4413771,TUR,2022-06-11T09:51:00Z
4405911,4364788,IND,2022-06-08T05:45:59Z
4391000,2436537,IND,2022-06-02T13:09:15Z
4392700,4388371,LKA,2022-06-03T04:03:00Z
4391812,4372453,IDN,2022-06-02T19:17:11Z
4405689,4376585,THA,2022-06-08T03:52:05Z
4402187,4376585,USA,2022-06-06T18:16:39Z
4398175,4376585,USA,2022-06-05T03:10:24Z
4403268,4363096,MAR,2022-06-07T04:48:38Z
4389973,4366728,IDN,2022-06-02T05:15:03Z
4395045,4376585,GBR,2022-06-04T00:02:51Z
4386378,4349294,BGD,2022-06-01T06:12:20Z
4412205,4388371,LKA,2022-06-10T16:13:16Z
4386147,4362532,PHL,2022-06-01T05:16:05Z
4390776,623527,RUS,2022-06-02T11:43:40Z
4419547,4393712,BLR,2022-06-13T17:11:54Z
4396673,4081566,UKR,2022-06-04T12:42:31Z
4402564,4376585,USA,2022-06-06T21:39:43Z
4401101,4248900,BGD,2022-06-06T09:05:01Z
4397947,4376585,USA,2022-06-05T01:33:10Z
4397233,4388371,LKA,2022-06-04T17:32:44Z
4398037,4376585,USA,2022-06-05T02:18:41Z
4388620,4386413,LKA,2022-06-01T18:18:36Z
4419358,4414650,RUS,2022-06-13T16:00:46Z
4388408,1062016,IND,2022-06-01T16:47:32Z
4390549,4354113,IND,2022-06-02T09:38:32Z
4386414,2458339,IND,2022-06-01T06:18:54Z
4394201,2465870,BGD,2022-06-03T16:34:56Z
4388916,1625655,COL,2022-06-01T20:03:44Z
4403126,4376585,THA,2022-06-07T03:33:17Z
4393305,4353168,PAK,2022-06-03T09:34:58Z
4389847,4349393,BGD,2022-06-02T04:15:25Z
4388059,4350166,BGD,2022-06-01T14:54:33Z
4397835,4376585,USA,2022-06-05T00:36:16Z
4409802,4376585,THA,2022-06-09T16:17:49Z
4395216,4376585,TUR,2022-06-04T02:03:40Z
4398025,4376585,USA,2022-06-05T02:13:09Z
4411930,4384221,BGD,2022-06-10T13:22:41Z
4400740,4399351,BGD,2022-06-06T05:17:33Z
4416398,2443850,IDN,2022-06-12T13:22:23Z
4401760,4315563,UKR,2022-06-06T15:12:34Z
4391572,679540,VNM,2022-06-02T17:13:21Z
4391784,4388371,LKA,2022-06-02T19:04:33Z
4392712,4358851,BGD,2022-06-03T04:07:08Z
4409211,3812535,RUS,2022-06-09T10:55:32Z
4404766,4376585,USA,2022-06-07T18:06:27Z
4395065,4376585,GBR,2022-06-04T00:17:45Z
4387968,4367550,MAR,2022-06-01T14:28:28Z
4388098,4357803,LKA,2022-06-01T15:04:17Z
4388057,2690152,IND,2022-06-01T14:54:13Z
4396975,4310274,GHA,2022-06-04T15:09:44Z
4408771,4376585,THA,2022-06-09T08:09:27Z
4391742,4376585,GBR,2022-06-02T18:40:29Z
4405912,4376585,USA,2022-06-08T05:46:02Z
4391054,4362532,PHL,2022-06-02T13:36:58Z
4389824,4349596,IND,2022-06-02T04:04:16Z
4396806,2459991,KEN,2022-06-04T13:39:35Z
4389084,2197914,TUR,2022-06-01T21:34:31Z
4407437,4376585,USA,2022-06-08T19:28:59Z
4388480,4270578,USA,2022-06-01T17:18:22Z
4409897,4376585,THA,2022-06-09T17:18:50Z
4402539,4376585,BLR,2022-06-06T21:26:16Z
4397043,4376585,THA,2022-06-04T15:50:35Z
4409383,1801264,KEN,2022-06-09T12:14:33Z
4398264,4376585,GBR,2022-06-05T03:54:00Z
4396749,1062016,PAK,2022-06-04T13:13:40Z
4408822,4388371,LKA,2022-06-09T08:32:34Z
4404132,4336280,TUR,2022-06-07T12:56:31Z
4405252,2416434,USA,2022-06-07T23:04:11Z
4410582,1801264,LKA,2022-06-10T01:38:01Z
4396759,4109174,UKR,2022-06-04T13:18:08Z
4390167,740437,HRV,2022-06-02T06:36:49Z
4419395,4388371,LKA,2022-06-13T16:18:13Z
4395446,4376585,NLD,2022-06-04T04:06:59Z
4409281,4376585,THA,2022-06-09T11:25:27Z
4403942,4376585,TUR,2022-06-07T10:42:55Z
4399111,4319766,UKR,2022-06-05T11:07:16Z
4405815,4376585,TUR,2022-06-08T04:56:22Z
4401390,2440399,IND,2022-06-06T11:50:28Z
4389929,2472770,IND,2022-06-02T04:54:14Z
4393476,4374512,MAR,2022-06-03T11:12:59Z
4385558,4374852,IDN,2022-06-01T02:19:04Z
4407259,4376585,THA,2022-06-08T17:54:15Z
4391015,4373309,IDN,2022-06-02T13:19:15Z
4399464,4358262,IND,2022-06-05T14:48:24Z
4408466,4376585,THA,2022-06-09T05:58:56Z
4402179,4376585,HUN,2022-06-06T18:13:00Z
4395354,4361555,BGD,2022-06-04T03:17:55Z
4418330,3812535,RUS,2022-06-13T08:26:07Z
4413195,2436562,IND,2022-06-11T03:30:37Z
4387426,4311085,IND,2022-06-01T11:26:34Z
4393429,4368483,TUR,2022-06-03T10:55:27Z
4388070,4008541,IND,2022-06-01T14:57:42Z
4402416,4376585,UKR,2022-06-06T20:14:43Z
4398317,4376585,UKR,2022-06-05T04:19:29Z
4403254,4376585,THA,2022-06-07T04:37:53Z
4396085,4376585,CAN,2022-06-04T08:29:26Z
4409751,4065742,TUR,2022-06-09T15:52:37Z
4400283,4211199,USA,2022-06-06T00:08:05Z
4411822,4388371,LKA,2022-06-10T12:21:03Z
4385422,4357803,LKA,2022-06-01T01:31:27Z
4398145,4376585,USA,2022-06-05T02:57:07Z
4392739,4388371,LKA,2022-06-03T04:27:04Z
4386859,4357803,LKA,2022-06-01T08:22:34Z
4418721,4388371,LKA,2022-06-13T10:48:09Z
4398245,4376585,CAN,2022-06-05T03:43:55Z
4414687,679540,CAN,2022-06-11T18:25:02Z
4409694,3812535,RUS,2022-06-09T15:15:55Z
4391905,4389905,BEN,2022-06-02T20:08:50Z
4418825,4099492,AUS,2022-06-13T11:43:12Z
4404850,4376585,USA,2022-06-07T18:52:22Z
4407391,4376585,USA,2022-06-08T19:04:45Z
4398520,4376585,THA,2022-06-05T05:56:49Z
4399303,921813,USA,2022-06-05T13:14:22Z
4388337,4351101,IND,2022-06-01T16:22:34Z
4397259,4230783,UKR,2022-06-04T17:57:24Z
4392953,1701805,IND,2022-06-03T06:15:23Z
4386329,1062016,IND,2022-06-01T06:00:35Z
4403878,4376585,TUR,2022-06-07T09:59:20Z
4409879,4376585,THA,2022-06-09T17:06:36Z
4409747,4065742,TUR,2022-06-09T15:51:26Z
4395178,4376585,LVA,2022-06-04T01:47:10Z
4405965,4388371,LKA,2022-06-08T06:13:53Z
4408728,2459444,IND,2022-06-09T07:53:18Z
4404333,4376585,THA,2022-06-07T14:38:47Z
4389993,1610141,IND,2022-06-02T05:26:26Z
4388119,4071949,HUN,2022-06-01T15:09:56Z
4398337,4376585,USA,2022-06-05T04:30:44Z
4385924,4352908,PAK,2022-06-01T04:10:41Z
4391684,4376585,DNK,2022-06-02T18:13:15Z
4418548,4376071,PAK,2022-06-13T09:36:40Z
4399324,4231735,UKR,2022-06-05T13:34:17Z
4402027,4360608,IND,2022-06-06T16:59:33Z
4398623,4376585,USA,2022-06-05T06:47:24Z
4391077,4117971,IND,2022-06-02T13:47:25Z
4398082,4376585,USA,2022-06-05T02:34:30Z
4398565,4376585,THA,2022-06-05T06:22:40Z
4403993,2980934,ITA,2022-06-07T11:25:35Z
4398649,4376585,USA,2022-06-05T06:57:34Z
4389465,4377773,BGD,2022-06-02T01:28:40Z
4411669,3812535,RUS,2022-06-10T11:07:26Z
4399753,4231721,UKR,2022-06-05T17:49:17Z
4404607,4376585,THA,2022-06-07T16:53:21Z
4393378,4388371,LKA,2022-06-03T10:21:59Z
4386453,4373097,IDN,2022-06-01T06:29:34Z
4398948,4307445,UKR,2022-06-05T09:32:37Z
4385546,4367434,IDN,2022-06-01T02:16:11Z
4387444,4369436,BGD,2022-06-01T11:33:01Z
4416488,4393805,LKA,2022-06-12T14:31:56Z
4415963,4393805,LKA,2022-06-12T08:12:11Z
4401816,1070090,LKA,2022-06-06T15:36:08Z
4399727,4231457,UKR,2022-06-05T17:32:11Z
4387463,4250483,IND,2022-06-01T11:42:08Z
4404770,4376585,USA,2022-06-07T18:09:56Z
4398224,4376585,USA,2022-06-05T03:33:52Z
4418496,4416827,DEU,2022-06-13T09:16:00Z
4391836,1609981,BGD,2022-06-02T19:31:57Z
4386046,4381971,IND,2022-06-01T04:48:33Z
4386413,4357803,LKA,2022-06-01T06:18:43Z
4392524,4370470,IND,2022-06-03T02:55:49Z
4396014,1144518,PHL,2022-06-04T08:08:49Z
4400751,3478683,NPL,2022-06-06T05:25:43Z
4396509,4127114,UKR,2022-06-04T11:15:28Z
4411384,4411317,LKA,2022-06-10T08:32:06Z
4400028,4307917,UKR,2022-06-05T20:49:36Z
4391722,4376585,IDN,2022-06-02T18:31:53Z
4409358,4376585,THA,2022-06-09T12:01:27Z
4396669,4103514,UKR,2022-06-04T12:40:10Z
4398743,4236794,UKR,2022-06-05T07:41:02Z
4386404,4368682,IDN,2022-06-01T06:17:26Z
4393024,2388851,LKA,2022-06-03T06:54:50Z
4386307,4248900,BGD,2022-06-01T05:56:00Z
4409948,4373618,IDN,2022-06-09T17:47:44Z
4396032,4376585,USA,2022-06-04T08:12:44Z
4388859,4357856,IND,2022-06-01T19:38:06Z
4400269,2738296,UKR,2022-06-05T23:55:47Z
4418287,3136100,TUR,2022-06-13T08:05:10Z
4412954,4396810,TUR,2022-06-11T01:21:10Z
4411318,4359115,BGD,2022-06-10T08:01:16Z
4390641,4248900,BGD,2022-06-02T10:23:53Z
4390035,4361655,BGD,2022-06-02T05:46:17Z
4395199,4376585,USA,2022-06-04T01:55:38Z
4387620,1234174,IDN,2022-06-01T12:36:51Z
4400525,4355733,IND,2022-06-06T03:08:16Z
4390001,4362085,IND,2022-06-02T05:30:53Z
4411482,3812535,RUS,2022-06-10T09:17:59Z
4409695,3092415,BGD,2022-06-09T15:16:09Z
4399797,4356830,BRA,2022-06-05T18:20:42Z
4389582,4362394,IND,2022-06-02T02:22:37Z
4395822,4388371,LKA,2022-06-04T07:10:19Z
4385460,2479422,IND,2022-06-01T01:44:37Z
4387509,4350658,VNM,2022-06-01T11:57:07Z
4385283,1609981,BGD,2022-06-01T00:28:35Z
4390686,1555451,TUR,2022-06-02T10:50:28Z
4386202,4386055,IDN,2022-06-01T05:31:03Z
4405931,4376585,USA,2022-06-08T06:00:26Z
4398403,4376585,USA,2022-06-05T05:02:30Z
4404282,4376585,NZL,2022-06-07T14:19:06Z
4385383,1625655,IND,2022-06-01T01:16:47Z
4393425,4376585,IRL,2022-06-03T10:53:58Z
4391634,4388371,LKA,2022-06-02T17:47:35Z
4402465,4376585,RUS,2022-06-06T20:42:50Z
4398068,4376585,USA,2022-06-05T02:30:22Z
4417307,4129099,TUR,2022-06-12T22:22:00Z
4389563,4373680,IDN,2022-06-02T02:13:12Z
4391531,4388371,LKA,2022-06-02T16:55:19Z
4400803,4361604,BGD,2022-06-06T06:05:58Z
4399466,4321191,TUR,2022-06-05T14:49:16Z
4387893,1060983,IND,2022-06-01T14:02:12Z
4416009,4377188,IDN,2022-06-12T08:43:04Z
4386749,4351069,BGD,2022-06-01T07:45:04Z
4396989,4376585,GBR,2022-06-04T15:19:10Z
4416258,4413777,NGA,2022-06-12T11:36:48Z
4409388,4357586,TUR,2022-06-09T12:17:44Z
4385331,4269578,IND,2022-06-01T00:51:07Z
4394003,4269578,IND,2022-06-03T15:19:23Z
4396675,4128106,UKR,2022-06-04T12:42:57Z
4396287,4367550,SDN,2022-06-04T09:55:03Z
4397572,4389010,RUS,2022-06-04T21:17:56Z
4396260,4208239,DZA,2022-06-04T09:46:47Z
4393827,4376585,FIN,2022-06-03T14:08:40Z
4385355,4379235,IDN,2022-06-01T01:02:28Z
4395384,4263283,IND,2022-06-04T03:35:15Z
4403940,4403932,CZE,2022-06-07T10:41:02Z
4396495,4102852,UKR,2022-06-04T11:07:16Z
4397930,4376585,ESP,2022-06-05T01:26:35Z
4398190,4376585,USA,2022-06-05T03:15:39Z
4412861,4355919,BGD,2022-06-11T00:27:03Z
4387083,4248900,BGD,2022-06-01T09:41:31Z
4387219,4177137,IND,2022-06-01T10:26:17Z
4408704,3812535,RUS,2022-06-09T07:44:10Z
4394937,4376585,GBR,2022-06-03T22:46:15Z
4416120,4412157,LKA,2022-06-12T09:52:02Z
4404710,4376585,PRT,2022-06-07T17:42:11Z
4385661,2463666,BGD,2022-06-01T02:54:05Z
4395602,4348406,IRQ,2022-06-04T05:20:46Z
4391353,4376585,THA,2022-06-02T15:36:20Z
4416346,4416269,TUR,2022-06-12T12:43:48Z
4394195,4321191,TUR,2022-06-03T16:31:32Z
4406175,4376585,THA,2022-06-08T08:19:12Z
4404650,4376585,USA,2022-06-07T17:14:10Z
4404695,4376585,USA,2022-06-07T17:32:18Z
4416654,679540,RUS,2022-06-12T16:00:39Z
4395823,4366948,IDN,2022-06-04T07:10:51Z
4400606,4388371,LKA,2022-06-06T03:58:34Z
4386820,4350985,NGA,2022-06-01T08:11:27Z
4402386,1070090,LKA,2022-06-06T19:52:59Z
4395190,4376585,USA,2022-06-04T01:51:56Z
4397580,4349393,BGD,2022-06-04T21:25:00Z
4397895,4376585,SGP,2022-06-05T01:09:41Z
4387848,4379580,IDN,2022-06-01T13:50:58Z
4388379,2459991,PHL,2022-06-01T16:35:58Z
4412330,4409125,KAZ,2022-06-10T17:21:01Z
4386803,4367216,PHL,2022-06-01T08:03:29Z
4395753,4357803,LKA,2022-06-04T06:37:26Z
4404444,4393712,BLR,2022-06-07T15:27:00Z
4409781,1801264,KEN,2022-06-09T16:08:21Z
4418077,4414362,PAK,2022-06-13T06:15:31Z
4394262,4269578,IND,2022-06-03T16:55:21Z
4387996,4360595,BGD,2022-06-01T14:36:24Z
4386883,2451324,IND,2022-06-01T08:31:15Z
4389506,4374645,IND,2022-06-02T01:48:29Z
4388249,4350072,IND,2022-06-01T15:52:14Z
4391755,4376585,SVN,2022-06-02T18:47:13Z
4417044,3095927,TUR,2022-06-12T19:23:32Z
4393335,2472796,IND,2022-06-03T09:50:42Z
4408706,4376585,THA,2022-06-09T07:44:25Z
4403181,4376585,THA,2022-06-07T04:01:13Z
4391613,4388371,LKA,2022-06-02T17:35:47Z
4385554,4350646,BGD,2022-06-01T02:18:11Z
4398499,4357966,BGD,2022-06-05T05:46:24Z
4414768,3065913,TUR,2022-06-11T18:59:08Z
4408602,4330183,BGD,2022-06-09T07:06:50Z
4410477,4393003,LKA,2022-06-10T00:36:18Z
4409347,4376585,THA,2022-06-09T11:56:22Z
4397067,4376585,THA,2022-06-04T16:03:34Z
4387216,4351069,BGD,2022-06-01T10:25:55Z
4402425,4376585,JPN,2022-06-06T20:18:49Z
4386958,2441030,IND,2022-06-01T08:51:26Z
4385434,4367097,IDN,2022-06-01T01:36:32Z
4398940,4307392,UKR,2022-06-05T09:25:38Z
4404759,4376585,USA,2022-06-07T18:03:08Z
4393677,2197914,TUR,2022-06-03T12:50:53Z
4417214,4348413,BGR,2022-06-12T21:15:32Z
4388072,1061843,BGD,2022-06-01T14:58:20Z
4394366,629317,BGD,2022-06-03T17:27:46Z
4401844,4376585,IRL,2022-06-06T15:47:20Z
4397129,4376585,THA,2022-06-04T16:35:27Z
4416730,3209080,TUR,2022-06-12T16:34:24Z
4391571,1625655,LKA,2022-06-02T17:13:15Z
4391716,4321191,TUR,2022-06-02T18:29:14Z
4398189,4376585,NLD,2022-06-05T03:15:29Z
4386829,2471653,IND,2022-06-01T08:13:21Z
4400723,4362331,LAO,2022-06-06T05:10:01Z
4405716,4376585,THA,2022-06-08T04:10:26Z
4399458,4349294,BGD,2022-06-05T14:45:26Z
4389777,4374615,IDN,2022-06-02T03:41:38Z
4386676,4350646,BGD,2022-06-01T07:24:54Z
4407007,4376585,NLD,2022-06-08T16:03:45Z
4416269,3081458,TUR,2022-06-12T11:44:49Z
4405697,4376585,USA,2022-06-08T03:57:39Z
4398340,4376585,USA,2022-06-05T04:32:49Z
4412564,1302933,SGP,2022-06-10T20:11:50Z
4387290,4378183,IDN,2022-06-01T10:43:06Z
4385401,1914247,IND,2022-06-01T01:20:45Z
4409154,4376585,THA,2022-06-09T10:33:49Z
4390753,2459991,LBN,2022-06-02T11:25:31Z
4388326,4248900,BGD,2022-06-01T16:20:42Z
4396682,4107527,UKR,2022-06-04T12:46:19Z
4407128,2294270,TUR,2022-06-08T16:54:27Z
4398601,4376585,THA,2022-06-05T06:38:58Z
4386179,4357803,LKA,2022-06-01T05:23:44Z
4390612,4177137,IND,2022-06-02T10:09:49Z
4405678,4376585,THA,2022-06-08T03:43:19Z
4394048,4251710,BGD,2022-06-03T15:39:23Z
4388026,4367402,CIV,2022-06-01T14:46:38Z
4385972,4366920,IDN,2022-06-01T04:24:27Z
4418267,2681363,AUS,2022-06-13T07:57:33Z
4396816,4110133,UKR,2022-06-04T13:43:17Z
4389008,4373680,IDN,2022-06-01T20:57:21Z
4399129,4317438,UKR,2022-06-05T11:14:25Z
4386067,1146971,DZA,2022-06-01T04:56:09Z
4414367,4393805,LKA,2022-06-11T15:13:05Z
4397989,4376585,USA,2022-06-05T01:56:05Z
4415831,4248900,BGD,2022-06-12T07:18:40Z
4398354,4376585,USA,2022-06-05T04:37:05Z
4407416,4376585,USA,2022-06-08T19:18:26Z
4404697,4376585,THA,2022-06-07T17:33:26Z
4401395,4324351,UKR,2022-06-06T11:51:48Z
4398005,4376585,OMN,2022-06-05T02:04:19Z
4399472,4230950,UKR,2022-06-05T14:51:01Z
4392721,4358851,BGD,2022-06-03T04:11:38Z
4392650,1625655,IND,2022-06-03T03:42:23Z
4386370,2459991,BGD,2022-06-01T06:08:35Z
4397980,4376585,USA,2022-06-05T01:47:20Z
4395183,4368812,LKA,2022-06-04T01:50:02Z
4387813,4358039,BGD,2022-06-01T13:37:26Z
4415771,4388371,LKA,2022-06-12T06:49:36Z
4392268,2339762,USA,2022-06-03T00:20:41Z
4398930,4307528,UKR,2022-06-05T09:20:40Z
4390377,4117971,IND,2022-06-02T08:00:14Z
4401837,4315498,UKR,2022-06-06T15:44:46Z
4386567,4350102,IND,2022-06-01T06:57:40Z
4406243,3104651,TUR,2022-06-08T09:01:32Z
4397918,4376585,USA,2022-06-05T01:22:33Z
4391048,4357278,BGD,2022-06-02T13:32:25Z
4393455,1625655,IND,2022-06-03T11:04:15Z
4404134,4376585,THA,2022-06-07T12:57:26Z
4391443,4388371,LKA,2022-06-02T16:18:12Z
4392945,4247861,IND,2022-06-03T06:11:25Z
4410111,1609981,BGD,2022-06-09T19:44:27Z
4415224,3484005,TUR,2022-06-12T00:32:57Z
4409309,4376585,THA,2022-06-09T11:35:45Z
4395650,4248985,TUN,2022-06-04T05:46:33Z
4409943,4376585,THA,2022-06-09T17:45:03Z
4408131,4376585,THA,2022-06-09T02:58:54Z
4402817,4376585,USA,2022-06-07T00:28:38Z
4395828,4376585,USA,2022-06-04T07:13:15Z
4390711,1068926,PAK,2022-06-02T11:06:41Z
4413143,3592843,VNM,2022-06-11T03:02:00Z
4387723,4367589,IND,2022-06-01T13:11:29Z
4394338,4248900,BGD,2022-06-03T17:19:18Z
4406877,4393712,BLR,2022-06-08T14:50:57Z
4407224,4376585,THA,2022-06-08T17:37:54Z
4404654,4376585,THA,2022-06-07T17:15:08Z
4419890,4388371,LKA,2022-06-13T19:48:11Z
4415595,4414569,USA,2022-06-12T04:44:26Z
4404732,4376585,LTU,2022-06-07T17:53:45Z
4408196,4376585,THA,2022-06-09T03:24:26Z
4393805,2778566,LKA,2022-06-03T13:55:02Z
4396663,4248900,BGD,2022-06-04T12:38:07Z
4396172,4394466,TUR,2022-06-04T09:04:45Z
4409945,4405222,SLV,2022-06-09T17:45:33Z
4395049,4376585,GBR,2022-06-04T00:06:46Z
4404452,4393712,BLR,2022-06-07T15:31:17Z
4390728,4350295,BGD,2022-06-02T11:14:03Z
4396803,4110473,UKR,2022-06-04T13:37:47Z
4398488,2440555,IND,2022-06-05T05:39:07Z
4386157,1062016,IND,2022-06-01T05:19:52Z
4407230,4376585,USA,2022-06-08T17:40:30Z
4411726,4252787,IND,2022-06-10T11:33:01Z
4409997,4376585,THA,2022-06-09T18:25:13Z
4392144,4388371,LKA,2022-06-02T22:49:23Z
4409916,4376585,THA,2022-06-09T17:33:10Z
4406923,4388371,LKA,2022-06-08T15:17:32Z
4411505,4321222,TUR,2022-06-10T09:24:23Z
4387649,4354795,IND,2022-06-01T12:44:54Z
4400825,4376585,USA,2022-06-06T06:18:24Z
4395097,4376585,GBR,2022-06-04T00:37:29Z
4415779,4388371,LKA,2022-06-12T06:55:16Z
4393708,4389294,TUR,2022-06-03T13:03:32Z
4399590,4307250,UKR,2022-06-05T16:06:54Z
4414210,4413366,ITA,2022-06-11T13:33:31Z
4399223,4399051,TUR,2022-06-05T12:19:26Z
4386434,679540,BLR,2022-06-01T06:24:12Z
4393612,4388371,LKA,2022-06-03T12:20:52Z
4395493,4376585,USA,2022-06-04T04:28:36Z
4405769,4376585,ESP,2022-06-08T04:34:11Z
4388526,2545676,PAK,2022-06-01T17:35:59Z
4407330,4376585,USA,2022-06-08T18:32:56Z
4403167,4376585,THA,2022-06-07T03:53:02Z
4386374,4348602,PAK,2022-06-01T06:10:42Z
4419387,4388371,LKA,2022-06-13T16:13:30Z
4408878,3812535,RUS,2022-06-09T08:53:40Z
4386578,4357803,LKA,2022-06-01T07:00:46Z
4390410,4072670,PAK,2022-06-02T08:20:29Z
4395090,4376585,GBR,2022-06-04T00:36:00Z
4394823,4376585,GBR,2022-06-03T21:23:06Z
4408268,4376585,THA,2022-06-09T03:58:36Z
4407672,4394466,TUR,2022-06-08T21:50:24Z
4390498,4371503,LKA,2022-06-02T09:03:02Z
4390495,1625655,IND,2022-06-02T09:01:38Z
4412480,2242405,USA,2022-06-10T19:04:46Z
4397040,4312719,NGA,2022-06-04T15:50:06Z
4411055,4393805,LKA,2022-06-10T05:58:44Z
4390700,1609981,BGD,2022-06-02T10:58:05Z
4389815,1508018,PAK,2022-06-02T04:00:09Z
4414533,4413777,NGA,2022-06-11T16:51:46Z
4397217,4127464,UKR,2022-06-04T17:23:20Z
4409236,4339980,TUR,2022-06-09T11:07:10Z
4397282,4238184,UKR,2022-06-04T18:09:23Z
4387482,4387301,TUR,2022-06-01T11:47:30Z
4406353,1146971,MAR,2022-06-08T10:04:37Z
4393880,4376585,FIN,2022-06-03T14:39:04Z
4396449,4127985,UKR,2022-06-04T10:45:54Z
4414335,4414298,GEO,2022-06-11T14:45:33Z
4409424,3812535,RUS,2022-06-09T12:40:07Z
4396568,4382796,IDN,2022-06-04T11:47:49Z
4388507,4258641,IDN,2022-06-01T17:28:11Z
4388670,4357803,LKA,2022-06-01T18:37:30Z
4393121,4351101,IND,2022-06-03T07:55:09Z
4386683,4386413,LKA,2022-06-01T07:26:44Z
4397916,4376585,USA,2022-06-05T01:20:14Z
4405875,4376585,USA,2022-06-08T05:25:48Z
4396896,4395886,NGA,2022-06-04T14:21:20Z
4386153,1066238,IND,2022-06-01T05:17:36Z
4386693,4357803,LKA,2022-06-01T07:31:03Z
4404167,4376585,THA,2022-06-07T13:14:56Z
4397837,4357687,IND,2022-06-05T00:38:11Z
4396485,4114988,UKR,2022-06-04T11:01:37Z
4412615,4321191,TUR,2022-06-10T20:52:44Z
4407462,4376585,USA,2022-06-08T19:39:56Z
4387364,2436537,IND,2022-06-01T11:08:54Z
4401528,1099103,IND,2022-06-06T13:13:08Z
4419100,4415797,KEN,2022-06-13T14:07:25Z
4398060,4376585,USA,2022-06-05T02:27:50Z
4402585,4376585,USA,2022-06-06T21:48:44Z
4388331,4269578,IND,2022-06-01T16:21:09Z
4388423,3478683,NPL,2022-06-01T16:57:49Z
4398750,4237440,UKR,2022-06-05T07:42:49Z
4404706,4376585,USA,2022-06-07T17:38:56Z
4414093,4348602,MMR,2022-06-11T12:21:57Z
4395523,4349611,IND,2022-06-04T04:41:01Z
4390016,4370769,VNM,2022-06-02T05:37:36Z
4388629,4362532,PHL,2022-06-01T18:21:20Z
4418729,4321339,TUR,2022-06-13T10:51:00Z
4404673,4376585,PER,2022-06-07T17:23:53Z
4394662,4374339,MAR,2022-06-03T19:43:40Z
4391133,4373180,IDN,2022-06-02T14:10:36Z
4406469,893793,MYS,2022-06-08T11:05:10Z
4401291,4350646,BGD,2022-06-06T11:01:38Z
4401315,4308564,UKR,2022-06-06T11:11:42Z
4398426,4376585,POL,2022-06-05T05:10:59Z
4385903,4282025,VNM,2022-06-01T04:05:36Z
4392586,4388371,LKA,2022-06-03T03:18:18Z
4404756,2640476,BGD,2022-06-07T18:02:09Z
4412005,4251830,TUR,2022-06-10T14:12:17Z
4398922,4112885,UKR,2022-06-05T09:16:07Z
4390989,4356983,PHL,2022-06-02T13:03:10Z
4387573,4364240,BGD,2022-06-01T12:20:32Z
4388244,4349294,BGD,2022-06-01T15:51:07Z
4397349,4208239,DZA,2022-06-04T18:44:56Z
4398173,4376585,CAN,2022-06-05T03:09:26Z
4404884,4376585,USA,2022-06-07T19:09:16Z
4401887,4376585,USA,2022-06-06T16:02:52Z
4416302,4388371,LKA,2022-06-12T12:12:36Z
4404188,4376585,THA,2022-06-07T13:28:06Z
4396554,4395886,NGA,2022-06-04T11:42:56Z
4388806,2459991,IND,2022-06-01T19:21:20Z
4401524,1070090,LKA,2022-06-06T13:12:18Z
4390758,4366872,IDN,2022-06-02T11:28:38Z
4411834,3812535,RUS,2022-06-10T12:26:48Z
4404375,4388371,LKA,2022-06-07T14:59:55Z
4402358,4376585,USA,2022-06-06T19:40:34Z
4387256,4365093,IND,2022-06-01T10:36:17Z
4390474,4378857,PHL,2022-06-02T08:49:56Z
4405841,4351543,BGD,2022-06-08T05:09:40Z
4398550,3134467,ARG,2022-06-05T06:15:01Z
4396244,749018,NLD,2022-06-04T09:40:02Z
4390566,1532604,BGD,2022-06-02T09:47:15Z
4404599,1609981,BGD,2022-06-07T16:50:06Z
4391309,1625655,IND,2022-06-02T15:18:15Z
4405953,4376585,USA,2022-06-08T06:08:21Z
4385712,4384870,ROU,2022-06-01T03:08:47Z
4396478,4357749,IND,2022-06-04T10:59:19Z
4387029,1062016,IND,2022-06-01T09:18:37Z
4415120,2738296,UKR,2022-06-11T23:18:02Z
4395870,4249801,BGD,2022-06-04T07:28:43Z
4386311,1257969,IND,2022-06-01T05:57:03Z
4388697,4367434,IDN,2022-06-01T18:45:27Z
4395086,4376585,GBR,2022-06-04T00:32:59Z
4395159,4279233,IND,2022-06-04T01:25:10Z
4398276,4376585,USA,2022-06-05T04:01:20Z
4391264,2575859,IDN,2022-06-02T15:01:58Z
4402808,4376585,NLD,2022-06-07T00:24:05Z
4387903,2887910,TUR,2022-06-01T14:06:03Z
4406197,4328170,TUR,2022-06-08T08:31:57Z
4401771,1070090,LKA,2022-06-06T15:18:31Z
4399884,4359139,PAK,2022-06-05T19:12:07Z
4400381,4363096,SDN,2022-06-06T01:32:32Z
4387713,4349393,BGD,2022-06-01T13:06:52Z
4388358,4350898,BGD,2022-06-01T16:29:43Z
4393176,4371038,BGD,2022-06-03T08:24:51Z
4413743,4279554,IND,2022-06-11T09:09:47Z
4387460,1625655,IND,2022-06-01T11:40:12Z
4391628,4388371,LKA,2022-06-02T17:44:51Z
4419523,1169155,COL,2022-06-13T16:59:50Z
4413859,4413366,ITA,2022-06-11T10:00:26Z
4396726,4115122,UKR,2022-06-04T13:06:29Z
4402137,4376585,BWA,2022-06-06T17:52:14Z
4397022,4374201,BGD,2022-06-04T15:37:49Z
4394723,4352672,BGD,2022-06-03T20:08:16Z
4397841,4376585,USA,2022-06-05T00:40:02Z
4416067,4377188,IDN,2022-06-12T09:18:34Z
4393094,4247861,PAK,2022-06-03T07:38:38Z
4395495,4376585,USA,2022-06-04T04:29:33Z
4388546,2191966,IND,2022-06-01T17:42:54Z
4404067,4347497,TUR,2022-06-07T12:13:48Z
4400597,4348211,ZWE,2022-06-06T03:52:59Z
4396585,4111486,UKR,2022-06-04T11:56:32Z
4418892,2868461,TUR,2022-06-13T12:24:57Z
4385503,4269578,IND,2022-06-01T01:59:32Z
4396821,758830,PRT,2022-06-04T13:45:30Z
4387259,679540,RUS,2022-06-01T10:36:38Z
4411939,2880980,MEX,2022-06-10T13:28:27Z
4390235,4357803,LKA,2022-06-02T07:09:45Z
4385953,2436537,IND,2022-06-01T04:18:32Z
4411799,4359112,RUS,2022-06-10T12:06:50Z
4414346,2443850,KEN,2022-06-11T14:55:20Z
4404894,4376585,USA,2022-06-07T19:12:36Z
4419984,2792081,TUR,2022-06-13T20:39:12Z
4415621,4138732,USA,2022-06-12T05:05:16Z
4392399,4388371,LKA,2022-06-03T01:49:17Z
4401049,2443850,IND,2022-06-06T08:33:30Z
4396444,4110181,UKR,2022-06-04T10:42:42Z
4388061,4357803,LKA,2022-06-01T14:55:43Z
4391707,2700848,LKA,2022-06-02T18:25:48Z
4388503,4388462,USA,2022-06-01T17:26:52Z
4405707,4376585,AUS,2022-06-08T04:04:21Z
4396374,4110339,UKR,2022-06-04T10:18:13Z
4397005,4376585,THA,2022-06-04T15:29:13Z
4405863,4376585,ESP,2022-06-08T05:22:00Z
4404214,4376585,THA,2022-06-07T13:42:57Z
4386391,4352298,IND,2022-06-01T06:14:37Z
4387787,4373309,IDN,2022-06-01T13:30:46Z
4388737,4369023,IDN,2022-06-01T19:00:42Z
4392454,4321339,TUR,2022-06-03T02:25:54Z
4401429,1625655,IND,2022-06-06T12:11:34Z
4409329,4376585,THA,2022-06-09T11:48:34Z
4413622,2197914,TUR,2022-06-11T08:15:19Z
4391522,4388371,LKA,2022-06-02T16:51:33Z
4414674,2503378,TUR,2022-06-11T18:16:56Z
4404480,4376585,THA,2022-06-07T15:49:58Z
4408904,3812535,RUS,2022-06-09T09:01:41Z
4395143,4388371,LKA,2022-06-04T01:16:16Z
4405551,4211199,JAM,2022-06-08T02:26:29Z
4404665,4376585,THA,2022-06-07T17:19:50Z
4385428,1625655,IND,2022-06-01T01:34:17Z
4407404,4376585,USA,2022-06-08T19:11:08Z
4394831,3253634,TUR,2022-06-03T21:27:45Z
4411509,2566461,AUS,2022-06-10T09:25:41Z
4385430,4368607,PHL,2022-06-01T01:35:39Z
4405751,4388371,LKA,2022-06-08T04:24:40Z
4395070,4376585,GBR,2022-06-04T00:21:09Z
4405517,4376585,USA,2022-06-08T02:07:33Z
4401929,4376585,NZL,2022-06-06T16:15:02Z
4396157,4376585,ZAF,2022-06-04T08:54:53Z
4411875,4371862,BRA,2022-06-10T12:51:56Z
4390617,4279233,IND,2022-06-02T10:11:14Z
4393370,4362532,PHL,2022-06-03T10:17:21Z
4409865,4374214,IDN,2022-06-09T16:59:50Z
4415746,4363119,IND,2022-06-12T06:34:22Z
4401515,4249422,IND,2022-06-06T13:04:51Z
4394664,4393712,BLR,2022-06-03T19:45:02Z
4416664,4416339,TUR,2022-06-12T16:04:44Z
4414675,3092415,BGD,2022-06-11T18:17:08Z
4401974,2452276,IND,2022-06-06T16:31:22Z
4397050,4121449,UKR,2022-06-04T15:54:36Z
4395655,4117971,IND,2022-06-04T05:50:27Z
4409075,4376585,THA,2022-06-09T10:00:51Z
4410193,4211199,USA,2022-06-09T20:51:24Z
4398086,4376585,AGO,2022-06-05T02:35:43Z
4389073,4389007,IDN,2022-06-01T21:29:06Z
4401661,4391422,TUR,2022-06-06T14:24:07Z
4415905,1985682,SGP,2022-06-12T07:51:59Z
4392783,4354444,IND,2022-06-03T04:51:50Z
4414741,4388371,LKA,2022-06-11T18:51:28Z
4391766,1625655,LKA,2022-06-02T18:52:29Z
4389972,4258065,IDN,2022-06-02T05:14:59Z
4387603,4177137,IND,2022-06-01T12:31:46Z
4397420,4111419,UKR,2022-06-04T19:30:31Z
4393561,4378600,LKA,2022-06-03T12:00:35Z
4397194,2136400,BGD,2022-06-04T17:09:20Z
4403088,2444512,IND,2022-06-07T03:16:04Z
4406418,2517139,USA,2022-06-08T10:40:23Z
4387462,4367434,IDN,2022-06-01T11:41:24Z
4398208,4376585,USA,2022-06-05T03:24:45Z
4387450,4370547,PHL,2022-06-01T11:36:22Z
4403365,4376585,THA,2022-06-07T05:47:19Z
4396024,4375626,BGD,2022-06-04T08:10:14Z
4391878,2429671,TUR,2022-06-02T19:51:07Z
4393003,4388371,LKA,2022-06-03T06:42:57Z
4411367,2218062,USA,2022-06-10T08:24:22Z
4404661,4376585,USA,2022-06-07T17:17:43Z
4408372,4376585,THA,2022-06-09T04:53:39Z
4389622,4367461,IDN,2022-06-02T02:38:26Z
4395681,4391571,LKA,2022-06-04T06:07:33Z
4408882,4314862,BLR,2022-06-09T08:54:18Z
4399051,4301970,DEU,2022-06-05T10:24:18Z
4416536,3140870,TUR,2022-06-12T15:00:40Z
4393426,4358617,POL,2022-06-03T10:54:01Z
4404645,4300014,PHL,2022-06-07T17:12:16Z
4391728,1146971,DZA,2022-06-02T18:33:12Z
4412163,623527,NZL,2022-06-10T15:52:47Z
4395468,4376585,CAN,2022-06-04T04:17:25Z
4387301,2197914,TUR,2022-06-01T10:46:25Z
4392598,1393897,USA,2022-06-03T03:22:14Z
4389925,1236601,BGD,2022-06-02T04:52:47Z
4416413,2738296,UKR,2022-06-12T13:34:06Z
4404864,4376585,USA,2022-06-07T18:59:07Z
4396493,4349294,BGD,2022-06-04T11:06:19Z
4397297,4233106,UKR,2022-06-04T18:18:38Z
4398050,4376585,USA,2022-06-05T02:23:51Z
4418834,4064908,TUR,2022-06-13T11:48:36Z
4405898,4376585,USA,2022-06-08T05:39:02Z
4409041,3812535,RUS,2022-06-09T09:51:15Z
4409442,3812535,RUS,2022-06-09T12:47:05Z
4393571,4338842,TUR,2022-06-03T12:06:08Z
4402316,4376585,USA,2022-06-06T19:17:38Z
4408816,3812535,RUS,2022-06-09T08:29:39Z
4387133,2429671,TUR,2022-06-01T09:59:03Z
4397849,2440555,IND,2022-06-05T00:43:46Z
4403477,4376585,THA,2022-06-07T06:35:25Z
4385746,4357803,LKA,2022-06-01T03:19:55Z
4389106,4119711,IDN,2022-06-01T21:52:02Z
4391235,4359911,BGD,2022-06-02T14:49:12Z
4396621,4354986,BGD,2022-06-04T12:13:13Z
4388297,1257969,IND,2022-06-01T16:09:44Z
4385365,4376740,IDN,2022-06-01T01:09:22Z
4397940,4376585,USA,2022-06-05T01:32:11Z
4390546,2197914,TUR,2022-06-02T09:37:29Z
4398908,4307457,UKR,2022-06-05T09:10:24Z
4397926,4376585,MYS,2022-06-05T01:25:41Z
4395481,4376585,JPN,2022-06-04T04:24:32Z
4398004,4376585,USA,2022-06-05T02:03:54Z
4411490,3812535,RUS,2022-06-10T09:19:56Z
4410015,4376585,THA,2022-06-09T18:33:30Z
4398713,4376585,USA,2022-06-05T07:25:16Z
4395129,4376585,BIH,2022-06-04T01:04:05Z
4418843,4416258,NGA,2022-06-13T11:53:55Z
4405860,4376585,THA,2022-06-08T05:21:44Z
4397914,4376585,USA,2022-06-05T01:19:43Z
4398247,4376585,USA,2022-06-05T03:44:29Z
4402258,4376585,USA,2022-06-06T18:55:38Z
4388601,4388574,LKA,2022-06-01T18:06:37Z
4408785,4376585,THA,2022-06-09T08:16:37Z
4398054,4376585,USA,2022-06-05T02:26:28Z
4399186,4242688,IND,2022-06-05T11:51:47Z
4403968,4372795,KEN,2022-06-07T11:04:13Z
4393364,4388371,LKA,2022-06-03T10:11:32Z
4414746,4388371,LKA,2022-06-11T18:52:17Z
4409892,4378289,PHL,2022-06-09T17:16:08Z
4387248,4370244,IND,2022-06-01T10:34:03Z
4396935,4376585,SVN,2022-06-04T14:45:55Z
4389750,4367434,IDN,2022-06-02T03:33:58Z
4415148,4044554,PAK,2022-06-11T23:40:58Z
4386600,1625655,IND,2022-06-01T07:05:44Z
4396582,4111550,UKR,2022-06-04T11:55:32Z
4399333,1062016,PAK,2022-06-05T13:39:38Z
4386466,4378590,BGD,2022-06-01T06:31:42Z
4417610,4013368,AUS,2022-06-13T02:00:16Z
4419473,2499950,TUR,2022-06-13T16:43:51Z
4399656,4307407,UKR,2022-06-05T16:59:29Z
4387926,1061843,BGD,2022-06-01T14:13:43Z
4388376,4356110,IND,2022-06-01T16:35:17Z
4386673,2195715,IND,2022-06-01T07:24:15Z
4413305,2459991,BGD,2022-06-11T04:51:26Z
4398493,4391737,LKA,2022-06-05T05:43:43Z
4392540,2455885,IND,2022-06-03T02:59:28Z
4411870,3812535,RUS,2022-06-10T12:50:20Z
4386120,4366048,IND,2022-06-01T05:10:26Z
4395797,4376585,USA,2022-06-04T06:56:57Z
4417715,2690546,LKA,2022-06-13T02:57:41Z
4391799,4371747,DZA,2022-06-02T19:10:20Z
4392632,4377897,IDN,2022-06-03T03:35:33Z
4389059,1555451,TUR,2022-06-01T21:21:41Z
4392527,4269578,IND,2022-06-03T02:56:38Z
4412188,4405965,LKA,2022-06-10T16:04:18Z
4391494,4388371,LKA,2022-06-02T16:42:48Z
4390692,2440555,IND,2022-06-02T10:51:57Z
4387430,4367434,IDN,2022-06-01T11:28:11Z
4387472,1625655,PAK,2022-06-01T11:44:36Z
4399801,1077684,THA,2022-06-05T18:25:05Z
4391562,4388371,LKA,2022-06-02T17:06:34Z
4402214,4211199,USA,2022-06-06T18:27:30Z
4390451,1257969,IND,2022-06-02T08:40:19Z
4387074,1146971,MRT,2022-06-01T09:38:50Z
4387345,2573405,IND,2022-06-01T11:02:08Z
4395863,4348406,IRQ,2022-06-04T07:25:04Z
4399478,4307631,UKR,2022-06-05T14:54:37Z
4389329,4379235,IDN,2022-06-02T00:14:08Z
4401762,4401644,LKA,2022-06-06T15:14:26Z
4402303,4376585,USA,2022-06-06T19:13:34Z
4411574,3812535,RUS,2022-06-10T10:11:05Z
4393997,4388371,LKA,2022-06-03T15:18:08Z
4404571,4376585,THA,2022-06-07T16:36:22Z
4399000,1820395,USA,2022-06-05T09:54:46Z
4409384,3812535,RUS,2022-06-09T12:14:41Z
4394032,4356427,IND,2022-06-03T15:32:26Z
4399513,4248390,IND,2022-06-05T15:16:24Z
4386332,4362532,PHL,2022-06-01T06:01:02Z
4402158,4376585,ESP,2022-06-06T18:03:40Z
4393535,2274752,DEU,2022-06-03T11:43:22Z
4409792,4225873,TUR,2022-06-09T16:12:48Z
4397113,4376585,THA,2022-06-04T16:25:18Z
4398687,4376585,DEU,2022-06-05T07:14:19Z
4386886,4250088,IND,2022-06-01T08:31:37Z
4401827,4376585,USA,2022-06-06T15:39:30Z
4407184,3812535,RUS,2022-06-08T17:17:42Z
4397478,4306600,UKR,2022-06-04T20:05:47Z
4386837,4356744,PAK,2022-06-01T08:15:22Z
4414299,4372152,BGD,2022-06-11T14:16:07Z
4409763,3812535,RUS,2022-06-09T15:59:32Z
4387981,2436537,IND,2022-06-01T14:32:54Z
4388727,4369023,IDN,2022-06-01T18:57:59Z
4389730,4349294,BGD,2022-06-02T03:25:53Z
4391902,4388371,LKA,2022-06-02T20:06:42Z
4387185,4279112,IND,2022-06-01T10:17:34Z
4386196,1092231,BGD,2022-06-01T05:30:27Z
4390191,4117917,BGD,2022-06-02T06:49:43Z
4403862,4376585,PRT,2022-06-07T09:48:50Z
4409908,3812535,RUS,2022-06-09T17:25:46Z
4402276,4376585,USA,2022-06-06T19:02:07Z
4386724,2448039,IND,2022-06-01T07:39:19Z
4407273,4376585,USA,2022-06-08T18:00:46Z
4408538,4376585,THA,2022-06-09T06:38:14Z
4389955,4349294,BGD,2022-06-02T05:05:13Z
4416668,2513265,TUR,2022-06-12T16:06:23Z
4411521,3812535,RUS,2022-06-10T09:32:27Z
4404742,4392986,TUR,2022-06-07T17:58:19Z
4406064,4376083,IND,2022-06-08T07:11:57Z
4394891,4357803,LKA,2022-06-03T22:11:54Z
4399459,4393805,LKA,2022-06-05T14:45:39Z
4393106,2647981,PAK,2022-06-03T07:46:34Z
4404180,1625655,BGD,2022-06-07T13:23:58Z
4387684,2345221,VNM,2022-06-01T12:54:42Z
4398350,4376585,THA,2022-06-05T04:35:43Z
4385462,4349294,BGD,2022-06-01T01:46:27Z
4404396,4361823,IDN,2022-06-07T15:08:06Z
4412412,1146971,MAR,2022-06-10T18:12:37Z
4401475,4248900,BGD,2022-06-06T12:39:11Z
4399038,4307116,UKR,2022-06-05T10:18:23Z
4414928,4321416,TUR,2022-06-11T20:43:36Z
4398003,4376585,GBR,2022-06-05T02:03:23Z
4394352,2685436,MAR,2022-06-03T17:23:44Z
4394896,679540,USA,2022-06-03T22:17:00Z
4411479,3812535,RUS,2022-06-10T09:15:36Z
4390439,1062016,IND,2022-06-02T08:34:41Z
4388236,4357803,LKA,2022-06-01T15:48:04Z
4409456,3812535,RUS,2022-06-09T12:53:10Z
4412392,4330547,FIN,2022-06-10T17:56:41Z
4416012,4377188,IDN,2022-06-12T08:45:40Z
4409370,2190710,BGD,2022-06-09T12:08:07Z
4387659,1625655,IND,2022-06-01T12:48:25Z
4401356,4321640,UKR,2022-06-06T11:32:19Z
4395092,4376585,GBR,2022-06-04T00:36:33Z
4405536,4254696,IND,2022-06-08T02:17:45Z
4407293,4376585,USA,2022-06-08T18:11:01Z
4394210,2249415,MMR,2022-06-03T16:39:13Z
4397786,4376585,USA,2022-06-05T00:01:27Z
4386872,4350985,NGA,2022-06-01T08:27:49Z
4408373,4388371,LKA,2022-06-09T04:54:26Z
4389331,4372795,IDN,2022-06-02T00:16:52Z
4389351,4117971,IND,2022-06-02T00:32:49Z
4409529,2780079,BGD,2022-06-09T13:46:53Z
4399667,4232725,UKR,2022-06-05T17:04:32Z
4407222,4376585,USA,2022-06-08T17:37:13Z
4413762,4413366,ITA,2022-06-11T09:18:14Z
4390450,4256723,IND,2022-06-02T08:39:13Z
4387917,4377509,IND,2022-06-01T14:10:58Z
4402268,4376585,GBR,2022-06-06T18:58:51Z
4414511,2503378,TUR,2022-06-11T16:38:05Z
4411816,3812535,RUS,2022-06-10T12:17:06Z
4387451,4386534,BGD,2022-06-01T11:37:08Z
4390602,2443097,IND,2022-06-02T10:03:57Z
4392395,4388371,LKA,2022-06-03T01:38:50Z
4388686,4244089,IND,2022-06-01T18:43:47Z
4388318,4352155,BGD,2022-06-01T16:16:31Z
4386221,4374374,IDN,2022-06-01T05:35:01Z
4409188,4376585,THA,2022-06-09T10:46:21Z
4390632,2464274,IND,2022-06-02T10:19:44Z
4389905,4248164,BEN,2022-06-02T04:38:38Z
4395985,4376585,IDN,2022-06-04T07:59:54Z
4397271,4237152,UKR,2022-06-04T18:03:32Z
4394992,4376585,GBR,2022-06-03T23:20:41Z
4397859,4376585,USA,2022-06-05T00:49:39Z
4396161,4376585,ESP,2022-06-04T08:56:40Z
4410203,4388371,LKA,2022-06-09T20:59:17Z
4386630,4371982,IND,2022-06-01T07:12:11Z
4419391,4419358,RUS,2022-06-13T16:15:05Z
4391294,4355515,IND,2022-06-02T15:13:55Z
4415622,4413777,NGA,2022-06-12T05:06:55Z
4402436,4362532,PHL,2022-06-06T20:28:30Z
4401898,4310146,UKR,2022-06-06T16:07:09Z
4393998,1220910,BEL,2022-06-03T15:18:08Z
4393575,4350646,BGD,2022-06-03T12:07:12Z
4405944,4376585,USA,2022-06-08T06:04:17Z
4404585,4376585,THA,2022-06-07T16:41:57Z
4392613,4388371,LKA,2022-06-03T03:29:22Z
4385469,4357236,BGD,2022-06-01T01:47:43Z
4412349,4388371,LKA,2022-06-10T17:31:19Z
4391879,4388371,LKA,2022-06-02T19:51:08Z
4395618,4232742,IND,2022-06-04T05:30:20Z
4399344,3056791,TUR,2022-06-05T13:46:26Z
4392661,4350135,BGD,2022-06-03T03:46:31Z
4387980,1625655,LKA,2022-06-01T14:32:54Z
4401434,2654899,BGD,2022-06-06T12:17:29Z
4404559,4376585,THA,2022-06-07T16:29:28Z
4390430,4247861,IND,2022-06-02T08:32:21Z
4386620,4386413,LKA,2022-06-01T07:09:25Z
4397164,4363096,DZA,2022-06-04T16:51:28Z
4393521,4388371,LKA,2022-06-03T11:36:03Z
4411033,4388371,LKA,2022-06-10T05:40:07Z
4417216,4416269,TUR,2022-06-12T21:15:34Z
4387009,4238184,UKR,2022-06-01T09:11:07Z
4386281,3092415,BGD,2022-06-01T05:49:52Z
4393437,2448879,TWN,2022-06-03T10:57:15Z
4401012,4368386,PAK,2022-06-06T08:08:40Z
4396707,4110242,UKR,2022-06-04T12:58:00Z
4396100,4376585,USA,2022-06-04T08:36:05Z
4389769,4374244,IDN,2022-06-02T03:40:03Z
4404007,1102892,TUR,2022-06-07T11:33:02Z
4409140,4376585,THA,2022-06-09T10:27:05Z
4391629,606086,BEN,2022-06-02T17:45:17Z
4389521,4366872,IDN,2022-06-02T01:53:03Z
4405889,4376585,SGP,2022-06-08T05:33:41Z
4403227,4376585,USA,2022-06-07T04:22:05Z
4387676,1924441,ROU,2022-06-01T12:53:22Z
4387129,2432279,IND,2022-06-01T09:58:34Z
4399050,4115062,UKR,2022-06-05T10:24:10Z
4387039,2191286,IDN,2022-06-01T09:23:09Z
4386765,4368682,IDN,2022-06-01T07:48:42Z
4391737,4388371,LKA,2022-06-02T18:37:59Z
4387576,4386434,BLR,2022-06-01T12:21:39Z
4400304,2456781,IND,2022-06-06T00:34:25Z
4409391,3812535,RUS,2022-06-09T12:19:27Z
4386538,2436537,IND,2022-06-01T06:51:15Z
4397866,4376585,GBR,2022-06-05T00:54:57Z
4389739,2440555,PHL,2022-06-02T03:28:55Z
4409594,3812535,BLR,2022-06-09T14:21:44Z
4387594,2469193,IND,2022-06-01T12:29:05Z
4401748,4376585,USA,2022-06-06T15:08:18Z
4398355,4376585,GBR,2022-06-05T04:37:28Z
4387208,4350985,NGA,2022-06-01T10:23:26Z
4402443,4350166,BGD,2022-06-06T20:31:00Z
4414387,4360893,BGD,2022-06-11T15:25:14Z
4413571,4244716,IND,2022-06-11T07:40:19Z
4405884,4376585,USA,2022-06-08T05:29:52Z
4417240,4413366,ITA,2022-06-12T21:41:02Z
4406485,4127125,IDN,2022-06-08T11:16:06Z
4396230,4208239,DZA,2022-06-04T09:33:07Z
4404418,4376585,THA,2022-06-07T15:16:14Z
4387234,2441030,IND,2022-06-01T10:30:48Z
4390318,4366728,IDN,2022-06-02T07:38:30Z
4386113,4177137,IND,2022-06-01T05:08:43Z
4405532,4376585,USA,2022-06-08T02:16:14Z
4399420,4362532,PHL,2022-06-05T14:27:25Z
4392925,4388371,LKA,2022-06-03T06:01:00Z
4389294,2197914,TUR,2022-06-01T23:53:29Z
4407252,4376585,USA,2022-06-08T17:50:02Z
4409157,3812535,RUS,2022-06-09T10:34:16Z
4390521,4139179,UKR,2022-06-02T09:15:00Z
4402264,4324986,UKR,2022-06-06T18:57:01Z
4408797,4376585,THA,2022-06-09T08:21:37Z
4399391,4393805,LKA,2022-06-05T14:09:38Z
4399589,1075794,TUR,2022-06-05T16:03:34Z
4395333,4357803,LKA,2022-06-04T03:11:28Z
4409840,3812535,RUS,2022-06-09T16:46:34Z
4397299,4233461,UKR,2022-06-04T18:19:16Z
4398084,4376585,NLD,2022-06-05T02:34:54Z
4390593,2441030,IND,2022-06-02T09:58:08Z
4401671,4232221,UKR,2022-06-06T14:29:14Z
4407569,4407559,BGD,2022-06-08T20:37:13Z
4416718,3209080,TUR,2022-06-12T16:30:45Z
4387154,4374880,IDN,2022-06-01T10:04:14Z
4388556,2197914,TUR,2022-06-01T17:46:46Z
4386597,4386413,LKA,2022-06-01T07:05:11Z
4405885,4376585,AUS,2022-06-08T05:30:34Z
4416702,4064908,TUR,2022-06-12T16:22:22Z
4398686,4376585,USA,2022-06-05T07:13:15Z
4398344,4376585,USA,2022-06-05T04:34:05Z
4385605,4383286,IND,2022-06-01T02:35:22Z
4401151,4232706,UKR,2022-06-06T09:44:50Z
4398346,4269578,IND,2022-06-05T04:34:24Z
4388405,4242909,IND,2022-06-01T16:46:03Z
4386634,4351999,PAK,2022-06-01T07:13:31Z
4397884,4376585,MYS,2022-06-05T01:04:33Z
4398786,4230771,UKR,2022-06-05T08:01:31Z
4392002,4388371,LKA,2022-06-02T21:10:03Z
4413277,4388371,LKA,2022-06-11T04:27:20Z
4386040,2459791,IND,2022-06-01T04:45:51Z
4386655,4249648,BGD,2022-06-01T07:20:24Z
4387747,2437990,IND,2022-06-01T13:19:00Z
4409821,4376585,THA,2022-06-09T16:35:02Z
4387363,4368644,IDN,2022-06-01T11:08:48Z
4403895,4376585,PRT,2022-06-07T10:11:46Z
4396048,4376585,DNK,2022-06-04T08:17:41Z
4395565,4349284,BGD,2022-06-04T04:59:31Z
4388530,1119120,IDN,2022-06-01T17:38:24Z
4387768,2461635,IND,2022-06-01T13:24:07Z
4385312,4367487,VNM,2022-06-01T00:42:54Z
4419279,4388371,LKA,2022-06-13T15:30:21Z
4418905,4418045,LKA,2022-06-13T12:33:17Z
4413918,4369477,BGD,2022-06-11T10:30:11Z
4399505,4317579,UKR,2022-06-05T15:11:22Z
4397268,4324257,TUR,2022-06-04T18:01:51Z
4396222,4363648,NGA,2022-06-04T09:28:36Z
4398330,4376585,GBR,2022-06-05T04:25:34Z
4387160,4250667,BGD,2022-06-01T10:05:34Z
4393153,4199492,MEX,2022-06-03T08:11:12Z
4409700,3812535,RUS,2022-06-09T15:23:04Z
4405699,4376585,THA,2022-06-08T03:58:33Z
4396005,4376585,AUS,2022-06-04T08:04:45Z
4407397,4376585,USA,2022-06-08T19:08:27Z
4414970,4338842,TUR,2022-06-11T21:16:24Z
4405544,4376585,LTU,2022-06-08T02:23:28Z
4412296,2369924,TUR,2022-06-10T17:05:13Z
4404621,4376585,THA,2022-06-07T17:00:31Z
4392327,1625655,IND,2022-06-03T00:58:37Z
4403682,4376585,THA,2022-06-07T08:04:45Z
4399276,1609981,BGD,2022-06-05T12:58:43Z
4404718,4376585,USA,2022-06-07T17:45:20Z
4403383,4376585,THA,2022-06-07T05:54:25Z
4388284,2605469,BGD,2022-06-01T16:07:11Z
4390869,748683,IND,2022-06-02T12:21:53Z
4389689,1531560,BGD,2022-06-02T03:07:56Z
4399928,4248557,IND,2022-06-05T19:36:16Z
4389410,4367550,MAR,2022-06-02T01:02:56Z
4395338,4376585,USA,2022-06-04T03:13:57Z
4396949,4376585,GRC,2022-06-04T14:52:09Z
4395699,4348602,KHM,2022-06-04T06:13:21Z
4389092,4371792,IDN,2022-06-01T21:41:18Z
4398134,4376585,CAN,2022-06-05T02:53:18Z
4401994,4315563,UKR,2022-06-06T16:41:19Z
4394341,2197914,TUR,2022-06-03T17:19:46Z
4392398,4389992,KHM,2022-06-03T01:47:30Z
4386635,4361067,BGD,2022-06-01T07:13:40Z
4386035,4372453,IDN,2022-06-01T04:44:48Z
4409258,3812535,RUS,2022-06-09T11:15:01Z
4393470,4353562,IND,2022-06-03T11:09:53Z
4418307,4365798,IND,2022-06-13T08:15:40Z
4414257,4393805,LKA,2022-06-11T13:56:12Z
4388422,4374995,IDN,2022-06-01T16:56:04Z
4403078,4376585,THA,2022-06-07T03:11:12Z
4399468,4362331,PAK,2022-06-05T14:49:48Z
4411861,4256435,UZB,2022-06-10T12:45:11Z
4391063,4357542,BGD,2022-06-02T13:39:19Z
4386847,4120505,BGD,2022-06-01T08:18:51Z
4396294,1625655,IND,2022-06-04T09:56:52Z
4408925,3812535,RUS,2022-06-09T09:09:43Z
4386540,4383206,LKA,2022-06-01T06:52:17Z
4405712,4388371,LKA,2022-06-08T04:06:53Z
4408682,4376585,THA,2022-06-09T07:36:25Z
4386394,4369381,BGD,2022-06-01T06:16:01Z
4387964,4372795,IDN,2022-06-01T14:27:30Z
4386707,4357820,BGD,2022-06-01T07:33:27Z
4417012,4321191,TUR,2022-06-12T19:04:40Z
4396810,3056791,TUR,2022-06-04T13:40:25Z
4409213,4376585,THA,2022-06-09T10:57:12Z
4390123,4361891,IND,2022-06-02T06:18:51Z
4392883,4388371,LKA,2022-06-03T05:40:56Z
4399373,4317357,UKR,2022-06-05T14:03:02Z
4404518,2066555,PAK,2022-06-07T16:10:45Z
4405903,4376585,USA,2022-06-08T05:42:21Z
4386880,4367216,PHL,2022-06-01T08:29:52Z
4404313,4376585,THA,2022-06-07T14:32:11Z
4414012,4413971,IND,2022-06-11T11:38:10Z
4408115,4376585,THA,2022-06-09T02:52:01Z
4385366,1146971,MAR,2022-06-01T01:09:54Z
4405923,4376585,USA,2022-06-08T05:54:17Z
4415638,4388371,LKA,2022-06-12T05:22:33Z
4388378,1512007,BGD,2022-06-01T16:35:44Z
4407448,4376585,USA,2022-06-08T19:31:49Z
4409831,4376585,THA,2022-06-09T16:41:17Z
4414509,2503378,TUR,2022-06-11T16:36:37Z
4401673,4376585,USA,2022-06-06T14:32:04Z
4386500,4366530,KEN,2022-06-01T06:41:29Z
4405918,4248900,BGD,2022-06-08T05:51:35Z
4392187,2429671,TUR,2022-06-02T23:14:55Z
4388242,4351688,BGD,2022-06-01T15:50:29Z
4387746,4249674,IND,2022-06-01T13:17:28Z
4399133,4248390,IND,2022-06-05T11:18:06Z
4403823,4376585,KOR,2022-06-07T09:29:19Z
4397487,4349294,BGD,2022-06-04T20:15:41Z
4395887,4349393,BGD,2022-06-04T07:33:03Z
4385862,4349393,BGD,2022-06-01T03:55:12Z
4395965,4376585,USA,2022-06-04T07:53:29Z
4411565,4410203,LKA,2022-06-10T10:06:39Z
4409531,3812535,RUS,2022-06-09T13:47:07Z
4397218,1176703,DEU,2022-06-04T17:24:08Z
4409644,3812535,RUS,2022-06-09T14:47:30Z
4397934,4361345,IND,2022-06-05T01:28:13Z
4401185,4376585,THA,2022-06-06T10:11:01Z
4401624,1070090,LKA,2022-06-06T14:06:00Z
4401702,4401494,ARG,2022-06-06T14:47:08Z
4400890,2957011,USA,2022-06-06T06:52:14Z
4388071,2031281,ARE,2022-06-01T14:57:46Z
4387385,4269578,IND,2022-06-01T11:12:50Z
4401946,4269578,IND,2022-06-06T16:21:59Z
4391421,4354113,IND,2022-06-02T16:06:53Z
4411858,4113533,RUS,2022-06-10T12:44:12Z
4388333,4350166,BGD,2022-06-01T16:21:13Z
4402289,4376585,MEX,2022-06-06T19:06:30Z
4416108,3081458,TUR,2022-06-12T09:45:44Z
4408761,1196394,RUS,2022-06-09T08:06:37Z
4402242,4376585,USA,2022-06-06T18:46:49Z
4396469,4109800,UKR,2022-06-04T10:55:35Z
4411789,4374339,EGY,2022-06-10T11:59:20Z
4387773,4177137,IND,2022-06-01T13:25:24Z
4389744,4360595,BGD,2022-06-02T03:32:12Z
4398699,4376585,FRA,2022-06-05T07:20:40Z
4387540,4360628,BGD,2022-06-01T12:08:13Z
4397269,4237107,UKR,2022-06-04T18:02:23Z
4401967,4376585,USA,2022-06-06T16:27:41Z
4391438,2482579,UZB,2022-06-02T16:16:04Z
4386711,2191897,PHL,2022-06-01T07:35:38Z
4412157,4388371,LKA,2022-06-10T15:49:04Z
4408363,1050265,SEN,2022-06-09T04:48:42Z
4391505,4388371,LKA,2022-06-02T16:45:37Z
4399816,4232221,UKR,2022-06-05T18:32:15Z
4404855,4376585,USA,2022-06-07T18:55:32Z
4387075,2459991,LKA,2022-06-01T09:39:05Z
4399046,4316140,UKR,2022-06-05T10:21:50Z
4390081,4279652,IND,2022-06-02T06:05:05Z
4388551,668708,PHL,2022-06-01T17:44:51Z
4409292,3812535,RUS,2022-06-09T11:30:20Z
4405520,4376585,IND,2022-06-08T02:10:05Z
4394691,4389010,MNE,2022-06-03T19:57:05Z
4386286,2479174,IND,2022-06-01T05:50:19Z
4399187,4315483,UKR,2022-06-05T11:51:50Z
4397255,4233392,UKR,2022-06-04T17:54:26Z
4416820,4344609,AUT,2022-06-12T17:24:33Z
4415829,4377188,IDN,2022-06-12T07:17:38Z
4386349,4361655,BGD,2022-06-01T06:05:10Z
4418409,4358716,BGD,2022-06-13T08:55:34Z
4417194,4414333,ITA,2022-06-12T21:06:02Z
4404474,4376585,THA,2022-06-07T15:45:14Z
4402575,4376585,USA,2022-06-06T21:42:56Z
4385557,4367434,IDN,2022-06-01T02:18:59Z
4416031,4377188,IDN,2022-06-12T08:54:48Z
4386227,4357803,LKA,2022-06-01T05:37:05Z
4411186,2693618,USA,2022-06-10T07:05:16Z
4402228,2238206,USA,2022-06-06T18:35:51Z
4418186,4345780,LKA,2022-06-13T07:19:13Z
4411859,4367402,IND,2022-06-10T12:45:00Z
4397933,4376585,UKR,2022-06-05T01:27:53Z
4399556,4307250,UKR,2022-06-05T15:44:01Z
4405890,4388371,LKA,2022-06-08T05:33:46Z
4418123,4361597,IND,2022-06-13T06:41:08Z
4390224,2436537,IND,2022-06-02T07:05:45Z
4409690,3812535,RUS,2022-06-09T15:13:31Z
4398231,4376585,USA,2022-06-05T03:37:19Z
4387419,4351069,BGD,2022-06-01T11:24:29Z
4395185,4376585,ITA,2022-06-04T01:50:47Z
4393579,1091628,IND,2022-06-03T12:08:13Z
4409951,4376585,THA,2022-06-09T17:50:07Z
4407592,4407559,BGD,2022-06-08T20:54:25Z
4388674,4279233,PAK,2022-06-01T18:39:26Z
4403710,4376585,THA,2022-06-07T08:15:51Z
4419505,4397040,NGA,2022-06-13T16:52:49Z
4385966,4365878,IND,2022-06-01T04:22:13Z
4400857,4388371,LKA,2022-06-06T06:33:54Z
4392908,4366872,IDN,2022-06-03T05:51:38Z
4394004,4269578,IND,2022-06-03T15:19:34Z
4387214,4351069,BGD,2022-06-01T10:25:33Z
4386797,2436537,IND,2022-06-01T08:00:16Z
4386584,2436537,IND,2022-06-01T07:02:44Z
4397749,4376585,USA,2022-06-04T23:39:03Z
4408619,4349604,BGD,2022-06-09T07:14:29Z
4396240,4389069,TUR,2022-06-04T09:37:41Z
4391081,1625655,IND,2022-06-02T13:48:08Z
4404596,4376585,THA,2022-06-07T16:48:06Z
4405344,2642835,TUR,2022-06-08T00:13:49Z
4385576,1096316,IDN,2022-06-01T02:23:44Z
4403289,4376585,THA,2022-06-07T04:58:33Z
4393135,4362532,PHL,2022-06-03T08:03:26Z
4413657,4320527,UKR,2022-06-11T08:31:25Z
4402144,4376585,AUS,2022-06-06T17:55:26Z
4396381,2778566,LKA,2022-06-04T10:20:50Z
4418053,2207049,USA,2022-06-13T06:02:47Z
4402069,4401876,LKA,2022-06-06T17:20:14Z
4388217,4340871,USA,2022-06-01T15:40:49Z
4417748,4386683,LKA,2022-06-13T03:09:18Z
4396667,4115407,UKR,2022-06-04T12:39:49Z
4386922,4386413,LKA,2022-06-01T08:41:36Z
4388486,2379572,PAK,2022-06-01T17:20:37Z
4387971,4372795,IDN,2022-06-01T14:29:00Z
4392294,1625655,IND,2022-06-03T00:37:35Z
4388655,4369910,PHL,2022-06-01T18:31:35Z
4388371,4357803,LKA,2022-06-01T16:33:28Z
4409766,4328170,TUR,2022-06-09T16:00:13Z
4411829,3812535,RUS,2022-06-10T12:25:04Z
4411515,4408730,ARE,2022-06-10T09:27:07Z
4393449,4352260,IND,2022-06-03T11:02:24Z
4408304,4376585,THA,2022-06-09T04:14:11Z
4386609,4355022,BGD,2022-06-01T07:07:21Z
4394643,4394328,TUR,2022-06-03T19:34:19Z
4389621,1395054,IND,2022-06-02T02:38:20Z
4393765,4388371,LKA,2022-06-03T13:33:41Z
4389535,2575859,IDN,2022-06-02T01:59:30Z
4413830,4413366,ITA,2022-06-11T09:48:31Z
4399571,3020550,TUR,2022-06-05T15:52:13Z
4388306,4269578,IND,2022-06-01T16:12:48Z
4407152,4376585,THA,2022-06-08T17:06:51Z
4394505,606086,BEN,2022-06-03T18:27:03Z
4388357,4388026,CIV,2022-06-01T16:29:36Z
4410079,1266499,BGD,2022-06-09T19:21:14Z
4385788,1674998,IND,2022-06-01T03:36:09Z
4390900,1349377,IND,2022-06-02T12:32:53Z
4391852,4388371,ITA,2022-06-02T19:40:54Z
4385674,4368249,BGD,2022-06-01T02:56:39Z
4396697,4109665,UKR,2022-06-04T12:53:34Z
4385844,2436537,IND,2022-06-01T03:48:56Z
4409887,4376585,THA,2022-06-09T17:13:46Z
4390847,4356983,PHL,2022-06-02T12:14:16Z
4407197,4376585,THA,2022-06-08T17:24:46Z
4387349,4363839,IND,2022-06-01T11:03:47Z
4411432,4244716,IND,2022-06-10T08:55:10Z
4393174,4388371,LKA,2022-06-03T08:24:23Z
4393091,4388371,LKA,2022-06-03T07:38:16Z
4412657,848876,DEU,2022-06-10T21:27:28Z
4398875,4307124,UKR,2022-06-05T08:52:26Z
4403827,4400857,LKA,2022-06-07T09:30:40Z
4395821,4376585,NLD,2022-06-04T07:09:28Z
4399489,4377466,LKA,2022-06-05T14:59:10Z
4409974,4376585,THA,2022-06-09T18:07:07Z
4418844,4376757,IDN,2022-06-13T11:54:16Z
4403280,4374214,IDN,2022-06-07T04:55:08Z
4396686,4349716,CUB,2022-06-04T12:47:20Z
4411639,3812535,RUS,2022-06-10T10:49:58Z
4393846,4376585,AUS,2022-06-03T14:19:35Z
4393450,4368483,TUR,2022-06-03T11:02:40Z
4404265,4393805,LKA,2022-06-07T14:14:14Z
4391182,4260647,ITA,2022-06-02T14:30:12Z
4411317,4388371,LKA,2022-06-10T08:01:13Z
4387206,4387192,IDN,2022-06-01T10:22:46Z
4400209,4399928,IND,2022-06-05T23:01:22Z
4385425,4357966,BGD,2022-06-01T01:32:05Z
4396678,4247861,BGD,2022-06-04T12:44:51Z
4386297,2719183,IDN,2022-06-01T05:52:56Z
4408681,4388371,LKA,2022-06-09T07:36:20Z
4391472,3092415,BGD,2022-06-02T16:30:07Z
4391680,4385102,RUS,2022-06-02T18:10:21Z
4417325,2395717,TUR,2022-06-12T22:40:10Z
4398755,4111519,UKR,2022-06-05T07:47:03Z
4400023,4308048,UKR,2022-06-05T20:46:27Z
4386488,2476924,IND,2022-06-01T06:37:16Z
4412003,4251830,TUR,2022-06-10T14:09:57Z
4410029,4376585,THA,2022-06-09T18:41:58Z
4385517,2443659,IND,2022-06-01T02:04:38Z
4404462,4376585,AUS,2022-06-07T15:38:19Z
4406489,4388423,NPL,2022-06-08T11:18:47Z
4402461,4376585,USA,2022-06-06T20:39:32Z
4385664,4375071,IDN,2022-06-01T02:54:37Z
4409779,4409753,LTU,2022-06-09T16:07:09Z
4409701,3812535,RUS,2022-06-09T15:23:44Z
4418955,4379374,LKA,2022-06-13T13:06:51Z
4390064,4353179,BGD,2022-06-02T05:58:19Z
4404629,2375282,TUR,2022-06-07T17:03:28Z
4385821,4350633,IND,2022-06-01T03:43:42Z
4409071,3812535,RUS,2022-06-09T10:00:04Z
4390362,4199492,ARG,2022-06-02T07:54:11Z
4386419,1062016,BGD,2022-06-01T06:20:59Z
4401940,4376585,LTU,2022-06-06T16:19:38Z
4392969,1701805,IND,2022-06-03T06:23:50Z
4399351,4399276,BGD,2022-06-05T13:50:55Z
4396853,4103734,UKR,2022-06-04T13:57:39Z
4390326,4357278,BGD,2022-06-02T07:40:04Z
4397056,3181049,TUR,2022-06-04T15:56:53Z
4391327,2456062,IND,2022-06-02T15:26:30Z
4389595,4366015,BGD,2022-06-02T02:27:48Z
4394841,4374176,LKA,2022-06-03T21:33:14Z
4386274,4367487,VNM,2022-06-01T05:46:48Z
4390620,2774046,TUR,2022-06-02T10:14:31Z
4390086,3251182,IDN,2022-06-02T06:06:37Z
4404698,4376585,USA,2022-06-07T17:35:50Z
4389010,694862,MNE,2022-06-01T20:58:18Z
4387849,4350633,IND,2022-06-01T13:51:15Z
4398439,4376585,THA,2022-06-05T05:18:23Z
4385636,4248900,BGD,2022-06-01T02:46:11Z
4389652,4373131,LKA,2022-06-02T02:53:13Z
4395369,4376585,USA,2022-06-04T03:28:24Z
4408505,4376585,AUS,2022-06-09T06:17:02Z
4386809,4348211,BGD,2022-06-01T08:07:00Z
4414025,4413366,ITA,2022-06-11T11:43:02Z
4389837,4346115,BGD,2022-06-02T04:10:05Z
4398458,4376585,THA,2022-06-05T05:25:15Z
4410255,4410203,LKA,2022-06-09T21:43:35Z