user_id,referral_id,country
4422561,4413777,NGA
4424127,4360734,IND
4424039,4423786,TUR
4424027,4274482,IND
4422997,4413777,NGA
4423899,4416731,TUR
4423734,2112497,RUS
4423520,4419903,DEU
4423501,1981445,LKA
4423151,705586,USA
4423157,4421738,LKA
4423420,4388371,LKA
4421602,4395143,LKA
4423270,2197914,TUR
4423225,4421111,LKA
4397511,2375282,TUR
4392624,646779,USA
4422951,4363096,YEM
4422799,2616663,TUR
4420436,2175900,USA
4412847,4321270,COL
4422500,4421740,KAZ
4421919,3002390,TUR
4422427,4402883,NPL
4422440,4291343,TUR
4422320,4410642,LKA
4422426,4421740,KAZ
4419939,4393712,BLR
4422379,4421740,KAZ
4422367,4410642,LKA
4422330,4421740,KAZ
4422301,4413572,ITA
4422251,4421109,LKA
4419009,4388371,LKA
4422246,4421740,KAZ
4422223,4421740,KAZ
4422197,4418171,TUR
4422200,4421740,KAZ
4421950,3143070,TUR
4422140,4421740,KAZ
4422086,4421740,KAZ
4418545,4279169,MYS
4389970,4356008,IND
4421931,4412157,LKA
4421866,4258652,BGD
4418462,4388371,LKA
4421853,4420451,LKA
4421822,4421740,RUS
4421794,4421111,LKA
4421338,4388371,LKA
4421774,4324257,TUR
4421742,4233060,RUS
4421698,4421111,LKA
4421498,4415622,NGA
4401504,1070090,LKA
4421433,4388371,LKA
4421423,4415622,NGA
4421391,4415622,NGA
4421315,2904317,TUR
4421259,4421109,LKA
4421111,4357803,LKA
4421109,4410642,LKA
4420099,4412349,LKA
4421045,4388371,LKA
4421073,4388371,LKA
4410642,1981445,LKA
4417455,4397040,NGA
4407635,2436537,IND
4421010,4420937,PAK
4420967,4420890,IDN
4420965,4420890,IDN
4420903,4388371,LKA
4420937,4420821,PAK
4420872,4412157,LKA
4419380,4388371,LKA
4419569,4388371,LKA
4420669,4388371,LKA
4420640,4345780,LKA
4420621,4388371,LKA
4420451,4388371,LKA
4420499,4388371,LKA
4419590,4388371,LKA
4420317,4321270,ARG
4420185,4322448,USA
4419984,2792081,TUR
4414784,695054,USA
4419890,4388371,LKA
4414970,4338842,TUR
4419547,4393712,BLR
4419505,4397040,NGA
4419523,1169155,COL
4419509,4357053,PAK
4419425,4416731,TUR
4419473,2499950,TUR
4415551,4388371,LKA
4419395,4388371,LKA
4419387,4388371,LKA
4419391,4419358,RUS
4419358,4414650,RUS
4419279,4388371,LKA
4414928,4321416,TUR
4418721,4388371,LKA
4419100,4415797,KEN
4418955,4379374,LKA
4417214,4348413,BGR
4411613,4252787,IND
4418905,4418045,LKA
4418910,4039490,KOR
4418892,2868461,TUR
4418873,4411384,LKA
4418843,4416258,NGA
4418844,4376757,IDN
4418834,4064908,TUR
4418825,4099492,AUS
4418729,4321339,TUR
4417977,4393805,LKA
4418709,4416258,NGA
4418186,4345780,LKA
4418496,4416827,DEU
4418045,4388371,LKA
4418548,4376071,PAK
4414922,2738296,UKR
4418409,4358716,BGD
4418307,4365798,IND
4418376,2450816,IND
4417888,4388371,LKA
4418330,3812535,RUS
4418267,2681363,AUS
4418287,3136100,TUR
4418216,1062016,IND
4415622,4413777,NGA
4418123,4361597,IND
4418077,4414362,PAK
4417715,2690546,LKA
4418053,2207049,USA
4417958,4377188,IDN
4415746,4363119,IND
4417748,4386683,LKA
4417610,4013368,AUS
4417331,2395717,TUR
4417325,2395717,TUR
4417307,4129099,TUR
4417240,4413366,ITA
4417216,4416269,TUR
4417194,4414333,ITA
4417044,3095927,TUR
4417012,4321191,TUR
4416702,4064908,TUR
4416820,4344609,AUT
4416887,1129238,VNM
4416730,3209080,TUR
4416718,3209080,TUR
4416664,4416339,TUR
4416654,679540,RUS
4416668,2513265,TUR
4413743,4279554,IND
4416488,4393805,LKA
4414093,4348602,MMR
4416536,3140870,TUR
4416514,2154945,CHL
4416484,4371982,IND
4416398,2443850,IDN
4416413,2738296,UKR
4416258,4413777,NGA
4416346,4416269,TUR
4416302,4388371,LKA
4414533,4413777,NGA
4416269,3081458,TUR
4416012,4377188,IDN
4416136,4402415,NGA
4416120,4412157,LKA
4416108,3081458,TUR
4416067,4377188,IDN
4408602,4330183,BGD
4416068,4119711,IDN
4416031,4377188,IDN
4416004,1129238,VNM
4416009,4377188,IDN
4415963,4393805,LKA
4385434,4367097,IDN
4415905,1985682,SGP
4415831,4248900,BGD
4415829,4377188,IDN
4415798,1129238,VNM
4415779,4388371,LKA
4415771,4388371,LKA
4415731,4321191,TUR
4412188,4405965,LKA
4415638,4388371,LKA
4415595,4414569,USA
4415621,4138732,USA
4401478,4353633,NPL
4415509,4388371,LKA
4393565,2777474,SGP
4408404,4336621,LKA
4415415,4393805,LKA
4400723,4362331,LAO
4415224,3484005,TUR
4415148,4044554,PAK
4415120,2738296,UKR
4414935,3058507,TUR
4414719,3092415,BGD
4414511,2503378,TUR
4414746,4388371,LKA
4414768,3065913,TUR
4414741,4388371,LKA
4414728,4399214,CAN
4414704,4388371,LKA
4414674,2503378,TUR
4414687,679540,CAN
4414675,3092415,BGD
4412657,848876,DEU
4414509,2503378,TUR
4414295,4413777,NGA
4414335,4414298,GEO
4414387,4360893,BGD
4414367,4393805,LKA
4393429,4368483,TUR
4414346,2443850,KEN
4391140,4368849,LKA
4414299,4372152,BGD
4414257,4393805,LKA
4388297,1257969,IND
4403490,4403352,KEN
4414210,4413366,ITA
4414047,4413777,NGA
4413918,4369477,BGD
4409792,4225873,TUR
4411565,4410203,LKA
4412005,4251830,TUR
4414025,4413366,ITA
4414012,4413971,IND
4409768,4225873,TUR
4413944,4413366,ITA
4397040,4312719,NGA
4413903,4413366,ITA
4411317,4388371,LKA
4413859,4413366,ITA
4413834,4413771,TUR
4413830,4413366,ITA
4386711,2191897,PHL
4413777,4357940,NGA
4413758,1625655,GHA
4413762,4413366,ITA
4413657,4320527,UKR
4413622,2197914,TUR
4413571,4244716,IND
4413380,4404375,LKA
4411871,4388371,LKA
4391424,2198839,LKA
4411519,4408730,ARE
4413277,4388371,LKA
4411515,4408730,ARE
4413305,2459991,BGD
4413195,2436562,IND
4413143,3592843,VNM
4405841,4351543,BGD
4412954,4396810,TUR
4412861,4355919,BGD
4412564,1302933,SGP
4412615,4321191,TUR
4412480,2242405,USA
4412412,1146971,MAR
4412392,4330547,FIN
4412349,4388371,LKA
4408728,2459444,IND
4412330,4409125,KAZ
4412163,623527,NZL
4409529,2780079,BGD
4412296,2369924,TUR
4407672,4394466,TUR
4412205,4388371,LKA
4412157,4388371,LKA
4404444,4393712,BLR
4412003,4251830,TUR
4408882,4314862,BLR
4411939,2880980,MEX
4411930,4384221,BGD
4411870,3812535,RUS
4411875,4371862,BRA
4411865,3812535,RUS
4411858,4113533,RUS
4411861,4256435,UZB
4411859,4367402,IND
4411726,4252787,IND
4411830,4410565,LKA
4411829,3812535,RUS
4411834,3812535,RUS
4411819,3812535,RUS
4411822,4388371,LKA
4395543,4356830,POL
4411505,4321222,TUR
4411816,3812535,RUS
4411799,4359112,RUS
4411674,1007955,GBR
4411789,4374339,EGY
4411686,3812535,RUS
4411033,4388371,LKA
4411669,3812535,RUS
4410477,4393003,LKA
4411681,2531169,TUR
4411639,3812535,RUS
4411646,4367630,UKR
4411595,3812535,RUS
4411574,3812535,RUS
4411521,3812535,RUS
4411367,2218062,USA
4411482,3812535,RUS
4411509,2566461,AUS
4411479,3812535,RUS
4411490,3812535,RUS
4411432,4244716,IND
4411384,4411317,LKA
4411318,4359115,BGD
4396554,4395886,NGA
4411186,2693618,USA
4411256,4388371,LKA
4396730,4395886,NGA
4411055,4393805,LKA
4410728,4409868,USA
4410678,4359917,BGD
4410608,4388371,LKA
4410582,1801264,LKA
4410566,4407716,USA
4410565,4410255,LKA
4410193,4211199,USA
4410316,4388371,LKA
4410255,4410203,LKA
4410203,4388371,LKA
4410111,1609981,BGD
4410079,1266499,BGD
4409741,4065742,TUR
4410029,4376585,THA
4409981,4376585,THA
4409747,4065742,TUR
4410015,4376585,THA
4409997,4376585,THA
4409751,4065742,TUR
4409974,4376585,THA
4409951,4376585,THA
4409945,4405222,SLV
4409957,4376585,THA
4409948,4373618,IDN
4409943,4376585,THA
4409897,4376585,THA
4409916,4376585,THA
4409908,3812535,RUS
4409892,4378289,PHL
4409887,4376585,THA
4409840,3812535,RUS
4409879,4376585,THA
4409865,4374214,IDN
4409863,4376585,THA
4409841,4376585,THA
4407292,4362436,BGD
4409831,4376585,THA
4409826,3812535,RUS
4409821,4376585,THA
4409802,4376585,THA
4409794,4376585,THA
4409763,3812535,RUS
4409779,4409753,LTU
4409781,1801264,KEN
4409766,4328170,TUR
4400751,3478683,NPL
4409745,1801264,KEN
4409742,3812535,RUS
4409690,3812535,RUS
4398553,4366124,IND
4409700,3812535,RUS
4409701,3812535,RUS
4409695,3092415,BGD
4409694,3812535,RUS
4409594,3812535,BLR
4409644,3812535,RUS
4408363,1050265,SEN
4409564,3812535,RUS
4409545,3812535,RUS
4409526,3812535,RUS
4409531,3812535,RUS
4409470,3812535,RUS
4409456,3812535,RUS
4409484,3812535,RUS
4409473,4336621,LKA
4409442,3812535,RUS
4409424,3812535,RUS
4409391,3812535,RUS
4409384,3812535,RUS
4409338,4400924,UZB
4409404,4185809,TUR
4409388,4357586,TUR
4409383,1801264,KEN
4409292,3812535,RUS
4409370,2190710,BGD
4409258,3812535,RUS
4409347,4376585,THA
4409358,4376585,THA
4409309,4376585,THA
4409329,4376585,THA
4401816,1070090,LKA
4409281,4376585,THA
4409236,4339980,TUR
4409234,4376585,THA
4409211,3812535,RUS
4409213,4376585,THA
4409188,4376585,THA
4409187,3812535,RUS
4406877,4393712,BLR
4409157,3812535,RUS
4409154,4376585,THA
4406485,4127125,IDN
4409140,4376585,THA
4409116,4388371,LKA
4409022,4376585,THA
4409056,4388371,LKA
4409071,3812535,RUS
4409075,4376585,THA
4391879,4388371,LKA
4409041,3812535,RUS
4408963,3812535,RUS
4408925,3812535,RUS
4408878,3812535,RUS
4408904,3812535,RUS
4408822,4388371,LKA
4408704,3812535,RUS
4408816,3812535,RUS
4408797,4376585,THA
4408807,4376585,THA
4408785,4376585,THA
4408771,4376585,THA
4408761,1196394,RUS
4408706,4376585,THA
4408682,4376585,THA
4408681,4388371,LKA
4408619,4349604,BGD
4408372,4376585,THA
4396624,1146971,DZA
4408538,4376585,THA
4408503,4376585,THA
4408505,4376585,AUS
4408466,4376585,THA
4408373,4388371,LKA
4385653,2463666,BGD
4388061,4357803,LKA
4387996,4360595,BGD
4387684,2345221,VNM
4387917,4377509,IND
4387903,2887910,TUR
4387849,4350633,IND
4408304,4376585,THA
4406252,4376585,USA
4408268,4376585,THA
4408223,4376585,THA
4408196,4376585,THA
4408115,4376585,THA
4408131,4376585,THA
4407887,1077684,MMR
4400283,4211199,USA
4401109,4390800,BGD
4388119,4071949,HUN
4396172,4394466,TUR
4407592,4407559,BGD
4407569,4407559,BGD
4407474,4376585,USA
4407468,4376585,USA
4407462,4376585,USA
4407448,4376585,USA
4407451,4376585,USA
4407437,4376585,USA
4407410,4376585,USA
4407416,4376585,USA
4407404,4376585,USA
4407399,4287361,CHL
4407397,4376585,USA
4407391,4376585,USA
4407385,4376585,USA
4407330,4376585,USA
4407293,4376585,USA
4407273,4376585,USA
4407224,4376585,THA
4407252,4376585,USA
4407259,4376585,THA
4407222,4376585,USA
4407230,4376585,USA
4407205,4376585,THA
4407197,4376585,THA
4407184,3812535,RUS
4407185,4376585,THA
4407152,4376585,THA
4407128,2294270,TUR
4406175,4376585,THA
4407007,4376585,NLD
4406896,4404042,TUR
4406923,4388371,LKA
4402415,4267703,NGA
4406636,4328170,TUR
4406489,4388423,NPL
4396951,4248900,BGD
4406418,2517139,USA
4406469,893793,MYS
4406353,1146971,MAR
4401524,1070090,LKA
4406309,4363311,BGD
4406243,3104651,TUR
4406197,4328170,TUR
4406236,4376585,USA
4406117,4376585,USA
4406064,4376083,IND
4405965,4388371,LKA
4405911,4364788,IND
4405953,4376585,USA
4405944,4376585,USA
4405931,4376585,USA
4405923,4376585,USA
4405918,4248900,BGD
4405903,4376585,USA
4405877,4388371,LKA
4405912,4376585,USA
4405898,4376585,USA
4405885,4376585,AUS
4405889,4376585,SGP
4405890,4388371,LKA
4405860,4376585,THA
4405884,4376585,USA
4405875,4376585,USA
4405863,4376585,ESP
4405551,4211199,JAM
4405769,4376585,ESP
4405798,4376585,THA
4405815,4376585,TUR
4405712,4388371,LKA
4405744,4388371,LKA
4405716,4376585,THA
4405751,4388371,LKA
4405699,4376585,THA
4405736,4376585,RUS
4405707,4376585,AUS
4405697,4376585,USA
4405689,4376585,THA
4405544,4376585,LTU
4405678,4376585,THA
4388111,4211199,USA
4405532,4376585,USA
4405520,4376585,IND
4405536,4254696,IND
4405517,4376585,USA
4405473,4211199,AUS
4404375,4388371,LKA
4403227,4376585,USA
4390016,4370769,VNM
4401429,1625655,IND
4405344,2642835,TUR
4405252,2416434,USA
4404922,2738296,UKR
4404894,4376585,USA
4404884,4376585,USA
4404839,4391878,TUR
4404855,4376585,USA
4404850,4376585,USA
4404864,4376585,USA
4404452,4393712,BLR
4404787,4394662,MAR
4387645,4367434,IDN
4404759,4376585,USA
4404770,4376585,USA
4404756,2640476,BGD
4404766,4376585,USA
4404742,4392986,TUR
4404732,4376585,LTU
4404718,4376585,USA
4404710,4376585,PRT
4404697,4376585,THA
4404665,4376585,THA
4404706,4376585,USA
4404698,4376585,USA
4404695,4376585,USA
4404654,4376585,THA
4404673,4376585,PER
4404661,4376585,USA
4404645,4300014,PHL
4404650,4376585,USA
4401475,4248900,BGD
4404621,4376585,THA
4404629,2375282,TUR
4404607,4376585,THA
4404599,1609981,BGD
4404596,4376585,THA
4404585,4376585,THA
4404546,4376585,AUS
4404571,4376585,THA
4404559,4376585,THA
4404545,4376585,THA
4404518,2066555,PAK
4404480,4376585,THA
4404462,4376585,AUS
4404474,4376585,THA
4404418,4376585,THA
4404404,4376585,THA
4404445,4376585,AUT
4404396,4361823,IDN
4404333,4376585,THA
4404313,4376585,THA
4399391,4393805,LKA
4404265,4393805,LKA
4404282,4376585,NZL
4401661,4391422,TUR
4404249,4391422,TUR
4404226,4392637,USA
4404214,4376585,THA
4404167,4376585,THA
4404180,1625655,BGD
4404188,4376585,THA
4404160,4404132,TUR
4404149,4376585,THA
4404134,4376585,THA
4404132,4336280,TUR
4404072,4350646,BGD
4404067,4347497,TUR
4404007,1102892,TUR
4403993,2980934,ITA
4403967,4376585,ZAF
4403968,4372795,KEN
4399489,4377466,LKA
4403942,4376585,TUR
4403940,4403932,CZE
4403895,4376585,PRT
4403878,4376585,TUR
4403827,4400857,LKA
4403862,4376585,PRT
4403823,4376585,KOR
4391182,4260647,ITA
4399884,4359139,PAK
4403682,4376585,THA
4403727,4376585,EGY
4403710,4376585,THA
4403671,4376585,AUS
4403267,4365052,IND
4396222,4363648,NGA
4403477,4376585,THA
4403383,4376585,THA
4386820,4350985,NGA
4403365,4376585,THA
4403254,4376585,THA
4403289,4376585,THA
4403280,4374214,IDN
4402386,1070090,LKA
4403268,4363096,MAR
4403256,4336621,LKA
4402817,4376585,USA
4403181,4376585,THA
4403224,4376585,THA
4401974,2452276,IND
4403167,4376585,THA
4403078,4376585,THA
4403126,4376585,THA
4401624,1070090,LKA
4403085,4388371,KOR
4403102,4376585,THA
4403088,2444512,IND
4399622,4388371,LKA
4388480,4270578,USA
4402974,4336621,LKA
4402436,4362532,PHL
4402883,3478683,NPL
4402808,4376585,NLD
4402539,4376585,BLR
4402214,4211199,USA
4402725,4402704,AUS
4402242,4376585,USA
4402602,4376585,USA
4402585,4376585,USA
4402593,4376585,ESP
4402564,4376585,USA
4402575,4376585,USA
4402554,4376585,USA
4402541,885774,USA
4398550,3134467,ARG
4402461,4376585,USA
4402465,4376585,RUS
4402443,4350166,BGD
4402437,4376585,USA
4402425,4376585,JPN
4402416,4376585,UKR
4402358,4376585,USA
4402316,4376585,USA
4402303,4376585,USA
4400825,4376585,USA
4402276,4376585,USA
4402289,4376585,MEX
4402264,4324986,UKR
4402268,4376585,GBR
4402258,4376585,USA
4402228,2238206,USA
4402179,4376585,HUN
4402187,4376585,USA
4402171,4376585,USA
4402144,4376585,AUS
4402158,4376585,ESP
4402027,4360608,IND
4402069,4401876,LKA
4402137,4376585,BWA
4401967,4376585,USA
4401994,4315563,UKR
4401898,4310146,UKR
4401760,4315563,UKR
4401946,4269578,IND
4401929,4376585,NZL
4401940,4376585,LTU
4401908,1070090,LKA
4401916,4376585,DEU
4401887,4376585,USA
4401844,4376585,IRL
4401837,4315498,UKR
4401845,4336621,LKA
4401185,4376585,THA
4401827,4376585,USA
4401748,4376585,USA
4401762,4401644,LKA
4401781,4324609,UKR
4401771,1070090,LKA
4401671,4232221,UKR
4401702,4401494,ARG
4401662,4401644,LKA
4401642,4353060,BGD
4401673,4376585,USA
4397194,2136400,BGD
4401552,4371102,BGD
4401510,1070090,LKA
4401528,1099103,IND
4401515,4249422,IND
4401395,4324351,UKR
4401434,2654899,BGD
4401453,2440555,IND
4401398,4321130,UKR
4401390,2440399,IND
4401356,4321640,UKR
4401315,4308564,UKR
4401193,4233012,UKR
4401291,4350646,BGD
4401151,4232706,UKR
4401233,4310077,UKR
4395076,2442532,IND
4399556,4307250,UKR
4401170,4308096,UKR
4401101,4248900,BGD
4401049,2443850,IND
4400857,4388371,LKA
4401012,4368386,PAK
4401009,4336621,LKA
4400964,2443850,IND
4400943,4399823,IND
4400890,2957011,USA
4400803,4361604,BGD
4400824,2443219,IND
4400525,4355733,IND
4400740,4399351,BGD
4399351,4399276,BGD
4396033,4395711,IND
4387364,2436537,IND
4400597,4348211,ZWE
4400606,4388371,LKA
4390086,3251182,IDN
4400381,4363096,SDN
4400304,2456781,IND
4400269,2738296,UKR
4400209,4399928,IND
4400028,4307917,UKR
4400023,4308048,UKR
4399928,4248557,IND
4399844,4232210,UKR
4399816,4232221,UKR
4399468,4362331,PAK
4399797,4356830,BRA
4399801,1077684,THA
4399667,4232725,UKR
4399753,4231721,UKR
4394896,679540,USA
4399727,4231457,UKR
4399657,4111059,VEN
4399688,4231736,UKR
4399699,679540,UKR
4399656,4307407,UKR
4399571,3020550,TUR
4399579,4307694,UKR
4391836,1609981,BGD
4399589,1075794,TUR
4399590,4307250,UKR
4399558,4307889,UKR
4399559,4355253,BGD
4399344,3056791,TUR
4396287,4367550,SDN
4399464,4358262,IND
4399513,4248390,IND
4399505,4317579,UKR
4399507,4307651,UKR
4399472,4230950,UKR
4399478,4307631,UKR
4399458,4349294,BGD
4399466,4321191,TUR
4399459,4393805,LKA
4399440,4319271,UKR
4399420,4362532,PHL
4388423,3478683,NPL
4399373,4317357,UKR
4399401,4388280,IND
4399376,3092415,BGD
4399303,921813,USA
4399333,1062016,PAK
4399324,4231735,UKR
4399290,4399051,TUR
4399276,1609981,BGD
4399198,4317803,UKR
4399111,4319766,UKR
4385661,2463666,BGD
4399223,4399051,TUR
4399186,4242688,IND
4389955,4349294,BGD
4399187,4315483,UKR
4399133,4248390,IND
4390235,4357803,LKA
4399140,4393708,TUR
4397580,4349393,BGD
4399129,4317438,UKR
4394841,4374176,LKA
4399117,4353869,TUR
4399050,4115062,UKR
4399051,4301970,DEU
4399038,4307116,UKR
4399000,1820395,USA
4398948,4307445,UKR
4399046,4316140,UKR
4398991,4307437,UKR
4398981,4307678,UKR
4398985,4114880,UKR
4398926,4111605,UKR
4398940,4307392,UKR
4398930,4307528,UKR
4398922,4112885,UKR
4398908,4307457,UKR
4398875,4307124,UKR
4398236,4365947,PAK
4398869,4248900,IND
4398786,4230771,UKR
4398755,4111519,UKR
4398750,4237440,UKR
4398743,4236794,UKR
4398711,4307188,UKR
4398713,4376585,USA
4398698,4376585,NLD
4398699,4376585,FRA
4398686,4376585,USA
4398687,4376585,DEU
4398661,4376585,PRT
4398656,4376585,USA
4398649,4376585,USA
4398641,2670490,USA
4389847,4349393,BGD
4398623,4376585,USA
4398565,4376585,THA
4398601,4376585,THA
4398558,2452199,BGD
4398556,1062016,IND
4398499,4357966,BGD
4398520,4376585,THA
4396896,4395886,NGA
4398493,4391737,LKA
4398488,2440555,IND
4398458,4376585,THA
4398451,4376585,USA
4398439,4376585,THA
4398426,4376585,POL
4398403,4376585,USA
4398392,635851,TUR
4398350,4376585,THA
4397821,4376585,USA
4398311,4376585,BRA
4398355,4376585,GBR
4398354,4376585,USA
4398344,4376585,USA
4398346,4269578,IND
4398340,4376585,USA
4398337,4376585,USA
4397837,4357687,IND
4398330,4376585,GBR
4397297,4233106,UKR
4398317,4376585,UKR
4398316,4376585,USA
4396886,4362532,PHL
4398294,4376585,USA
4398288,4376585,GBR
4398276,4376585,USA
4398260,4376585,CAN
4398264,4376585,GBR
4398247,4376585,USA
4398116,4376585,BRA
4398239,2443850,BRA
4398245,4376585,CAN
4389092,4371792,IDN
4398225,4376585,NLD
4398231,4376585,USA
4398224,4376585,USA
4398208,4376585,USA
4398189,4376585,NLD
4398190,4376585,USA
4398173,4376585,CAN
4398175,4376585,USA
4398145,4376585,USA
4398134,4376585,CAN
4398082,4376585,USA
4398086,4376585,AGO
4398084,4376585,NLD
4398068,4376585,USA
4397849,2440555,IND
4398054,4376585,USA
4398060,4376585,USA
4398037,4376585,USA
4398050,4376585,USA
4398029,4376585,USA
4398022,1310598,POL
4398025,4376585,USA
4397947,4376585,USA
4398005,4376585,OMN
4398003,4376585,GBR
4398004,4376585,USA
4397989,4376585,USA
4397980,4376585,USA
4397970,4376585,USA
4397950,4376585,USA
4397956,4376585,USA
4397940,4376585,USA
4397934,4361345,IND
4397930,4376585,ESP
4397926,4376585,MYS
4397933,4376585,UKR
4397918,4376585,USA
4397914,4376585,USA
4397916,4376585,USA
4397866,4376585,GBR
4397895,4376585,SGP
4397859,4376585,USA
4397884,4376585,MYS
4397835,4376585,USA
4397852,4376585,USA
4397841,4376585,USA
4397774,4376585,USA
4397786,4376585,USA
4397749,4376585,USA
4397742,4376585,USA
4392326,4353168,ARG
4394566,4375150,ITA
4397572,4389010,RUS
4397487,4349294,BGD
4397478,4306600,UKR
4397217,4127464,UKR
4397420,4111419,UKR
4395863,4348406,IRQ
4397349,4208239,DZA
4397282,4238184,UKR
4397269,4237107,UKR
4397299,4233461,UKR
4396966,2441030,IND
4397268,4324257,TUR
4397271,4237152,UKR
4397259,4230783,UKR
4397255,4233392,UKR
4397233,4388371,LKA
4391889,4334683,GHA
4397218,1176703,DEU
4397214,2197914,TUR
4397164,4363096,DZA
4397166,4376585,THA
4397165,4127870,UKR
4397129,4376585,THA
4397113,4376585,THA
4397014,4362532,PHL
4397067,4376585,THA
4397085,4376585,THA
4397077,4127030,UKR
4397056,3181049,TUR
4397050,4121449,UKR
4397043,4376585,THA
4397005,4376585,THA
4397022,4374201,BGD
4397017,4115284,UKR
4396568,4382796,IDN
4396989,4376585,GBR
4396975,4310274,GHA
4396935,4376585,SVN
4396451,4354113,KEN
4396949,4376585,GRC
4396673,4081566,UKR
4396919,4396381,LKA
4396870,4111323,UKR
4387659,1625655,IND
4396682,4107527,UKR
4390797,2380336,TUR
4392527,4269578,IND
4396853,4103734,UKR
4396810,3056791,TUR
4396806,2459991,KEN
4386963,1625655,IND
4396821,758830,PRT
4396816,4110133,UKR
4396678,4247861,BGD
4396803,4110473,UKR
4396694,4349716,PHL
4396759,4109174,UKR
4396686,4349716,CUB
4396675,4128106,UKR
4396749,1062016,PAK
4396726,4115122,UKR
4396707,4110242,UKR
4396697,4109665,UKR
4396663,4248900,BGD
4386035,4372453,IDN
4396667,4115407,UKR
4396669,4103514,UKR
4396621,4354986,BGD
4396640,4078297,UKR
4396569,4113412,UKR
4396538,4127509,UKR
4396582,4111550,UKR
4396585,4111486,UKR
4396560,3251182,IDN
4390549,4354113,IND
4396493,4349294,BGD
4396509,4127114,UKR
4396495,4102852,UKR
4396478,4357749,IND
4396485,4114988,UKR
4396469,4109800,UKR
4396449,4127985,UKR
4396444,4110181,UKR
4396418,1509370,BGD
4396381,2778566,LKA
4394004,4269578,IND
4396374,4110339,UKR
4395989,4388371,LKA
4396100,4376585,USA
4396346,4393805,LKA
4396260,4208239,DZA
4396294,1625655,IND
4396085,4376585,CAN
4396240,4389069,TUR
4390869,748683,IND
4396244,749018,NLD
4396230,4208239,DZA
4395828,4376585,USA
4395887,4349393,BGD
4395821,4376585,NLD
4396161,4376585,ESP
4395797,4376585,USA
4396158,4388371,LKA
4396157,4376585,ZAF
4396024,4375626,BGD
4396048,4376585,DNK
4388026,4367402,CIV
4396014,1144518,PHL
4396032,4376585,USA
4396005,4376585,AUS
4395495,4376585,USA
4395985,4376585,IDN
4395369,4376585,USA
4395965,4376585,USA
4395338,4376585,USA
4395493,4376585,USA
4395870,4249801,BGD
4395777,4376585,USA
4395468,4376585,CAN
4395284,4376585,USA
4395822,4388371,LKA
4393575,4350646,BGD
4395353,4376585,RUS
4395823,4366948,IDN
4395646,1625655,PHL
4393332,4259152,IND
4394338,4248900,BGD
4395805,4376585,USA
4395295,4376585,USA
4395190,4376585,USA
4395753,4357803,LKA
4395691,1625655,LKA
4391421,4354113,IND
4395711,1800265,IND
4392613,4388371,LKA
4395699,4348602,KHM
4395681,4391571,LKA
4395676,4376585,GBR
4395655,4117971,IND
4395650,4248985,TUN
4393536,1625655,IND
4395618,4232742,IND
4395602,4348406,IRQ
4395565,4349284,BGD
4390847,4356983,PHL
4395523,4349611,IND
4390498,4371503,LKA
4395479,4361857,IND
4395481,4376585,JPN
4395216,4376585,TUR
4385419,2777851,PAK
4395446,4376585,NLD
4395450,4376585,TZA
4393901,4368031,BGD
4395384,4263283,IND
4395354,4361555,BGD
4395333,4357803,LKA
4395278,4378478,IDN
4395244,4376585,GBR
4395178,4376585,LVA
4395199,4376585,USA
4395183,4368812,LKA
4395185,4376585,ITA
4395159,4279233,IND
4395129,4376585,BIH
4395143,4388371,LKA
4395097,4376585,GBR
4395090,4376585,GBR
4395092,4376585,GBR
4395086,4376585,GBR
4395084,4395078,ARG
4395070,4376585,GBR
4395065,4376585,GBR
4395062,4376585,GBR
4395045,4376585,GBR
4395049,4376585,GBR
4394992,4376585,GBR
4394831,3253634,TUR
4394891,4357803,LKA
4394937,4376585,GBR
4394823,4376585,GBR
4394664,4393712,BLR
4394723,4352672,BGD
4394691,4389010,MNE
4394643,4394328,TUR
4394662,4374339,MAR
4389010,694862,MNE
4394352,2685436,MAR
4394505,606086,BEN
4388422,4374995,IDN
4394366,629317,BGD
4394341,2197914,TUR
4394262,4269578,IND
4394201,2465870,BGD
4394210,2249415,MMR
4394195,4321191,TUR
4393521,4388371,LKA
4393518,2489432,BGD
4394048,4251710,BGD
4393998,1220910,BEL
4394000,4376585,BGR
4394032,4356427,IND
4393997,4388371,LKA
4394003,4269578,IND
4392883,4388371,LKA
4391292,4251710,BGD
4393880,4376585,FIN
4393535,2274752,DEU
4390244,4372962,IDN
4389924,2440555,IND
4391799,4371747,DZA
4388670,4357803,LKA
4393822,1090035,IND
4393846,4376585,AUS
4393561,4378600,LKA
4393827,4376585,FIN
4391784,4388371,LKA
4393805,2778566,LKA
4393765,4388371,LKA
4393773,3092415,BGD
4393437,2448879,TWN
4385788,1674998,IND
4393677,2197914,TUR
4393708,4389294,TUR
4393400,4357489,IND
4393612,4388371,LKA
4393579,1091628,IND
4393571,4338842,TUR
4393370,4362532,PHL
4390776,623527,RUS
4393470,4353562,IND
4393476,4374512,MAR
4393455,1625655,IND
4393449,4352260,IND
4393450,4368483,TUR
4393426,4358617,POL
4393425,4376585,IRL
4388284,2605469,BGD
4393075,2716091,TUR
4393094,4247861,PAK
4393378,4388371,LKA
4393364,4388371,LKA
4393335,2472796,IND
4393320,4372731,IDN
4393305,4353168,PAK
4386797,2436537,IND
4393174,4388371,LKA
4393176,4371038,BGD
4393153,4199492,MEX
4393135,4362532,PHL
4386307,4248900,BGD
4393121,4351101,IND
4393091,4388371,LKA
4393106,2647981,PAK
4392841,4375046,IND
4393024,2388851,LKA
4391235,4359911,BGD
4392956,4388371,LKA
4391505,4388371,LKA
4393003,4388371,LKA
4392794,4336621,LKA
4392962,4248900,BGD
4392925,4388371,LKA
4392945,4247861,IND
4392969,1701805,IND
4392953,1701805,IND
4392908,4366872,IDN
4391634,4388371,LKA
4392840,4367434,IDN
4392395,4388371,LKA
4391639,4388371,LKA
4387594,2469193,IND
4392650,1625655,IND
4392772,4392144,LKA
4391766,1625655,LKA
4392783,4354444,IND
4392739,4388371,LKA
4392712,4358851,BGD
4392399,4388371,LKA
4392721,4358851,BGD
4391353,4376585,THA
4392700,4388371,LKA
4392661,4350135,BGD
4392632,4377897,IDN
4392586,4388371,LKA
4392587,4377284,BGD
4392598,1393897,USA
4392524,4370470,IND
4391707,2700848,LKA
4392540,2455885,IND
4391890,4388371,LKA
4392144,4388371,LKA
4392486,1260038,BGD
4392454,4321339,TUR
4388405,4242909,IND
4392435,4099492,ESP
4392406,4363171,IND
4392398,4389992,KHM
4392294,1625655,IND
4392327,1625655,IND
4391445,4350646,BGD
4390789,4353633,NPL
4392268,2339762,USA
4391510,4372501,IDN
4392187,2429671,TUR
4392048,4119711,IDN
4391747,1625655,ITA
4392002,4388371,LKA
4391983,4367402,PHL
4392001,3284218,PAK
4391965,4351999,PHL
4387460,1625655,IND
4391934,4388371,LKA
4391905,4389905,BEN
4391914,2239542,ZAF
4391902,4388371,LKA
4391852,4388371,ITA
4391878,2429671,TUR
4391812,4372453,IDN
4391737,4388371,LKA
4391728,1146971,DZA
4391755,4376585,SVN
4391742,4376585,GBR
4391722,4376585,IDN
4391716,4321191,TUR
4391684,4376585,DNK
4391680,4385102,RUS
4391628,4388371,LKA
4391643,4388371,LKA
4391613,4388371,LKA
4391629,606086,BEN
4391571,1625655,LKA
4391572,679540,VNM
4391562,4388371,LKA
4391513,4367434,IDN
4391522,4388371,LKA
4391539,4388371,LKA
4391531,4388371,LKA
4391494,4388371,LKA
4391469,4386253,LKA
4389621,1395054,IND
4391497,1119120,IDN
4391472,3092415,BGD
4391410,4369189,BGD
4387880,4349146,PAK
4389824,4349596,IND
4391461,2437990,IND
4391443,4388371,LKA
4386822,4366872,IDN
4391438,2482579,UZB
4391344,606086,BEN
4388059,4350166,BGD
4391327,2456062,IND
4391309,1625655,IND
4391294,4355515,IND
4385878,4370547,IDN
4386707,4357820,BGD
4390326,4357278,BGD
4391081,1625655,IND
4391264,2575859,IDN
4391249,1091152,IND
4391015,4373309,IDN
4389008,4373680,IDN
4387219,4177137,IND
4391063,4357542,BGD
4391133,4373180,IDN
4390617,4279233,IND
4390826,4363096,EGY
4391077,4117971,IND
4391048,4357278,BGD
4391054,4362532,PHL
4390900,1349377,IND
4391000,2436537,IND
4390989,4356983,PHL
4390926,4351069,BGD
4390686,1555451,TUR
4390753,2459991,LBN
4390758,4366872,IDN
4390745,2437990,IND
4390728,4350295,BGD
4390521,4139179,UKR
4390711,1068926,PAK
4390692,2440555,IND
4390700,1609981,BGD
4388684,4371982,IND
4390641,4248900,BGD
4390632,2464274,IND
4390620,2774046,TUR
4386837,4356744,PAK
4390612,4177137,IND
4390602,2443097,IND
4390593,2441030,IND
4390566,1532604,BGD
4388735,4368849,LKA
4387773,4177137,IND
4390450,4256723,IND
4390546,2197914,TUR
4390495,1625655,IND
4388674,4279233,PAK
4390438,4350674,BGD
4390474,4378857,PHL
4390362,4199492,ARG
4390451,1257969,IND
4387576,4386434,BLR
4390430,4247861,IND
4390439,1062016,IND
4390410,4072670,PAK
4390377,4117971,IND
4387248,4370244,IND
4390318,4366728,IDN
4386948,4374091,IDN
4390224,2436537,IND
4388727,4369023,IDN
4386635,4361067,BGD
4390191,4117917,BGD
4390123,4361891,IND
4390167,740437,HRV
4390081,4279652,IND
4390064,4353179,BGD
4390063,4374880,IDN
4390035,4361655,BGD
4390001,4362085,IND
4389973,4366728,IDN
4389993,1610141,IND
4388969,3081670,TUR
4388379,2459991,PHL
4389972,4258065,IDN
4389506,4374645,IND
4389929,2472770,IND
4389925,1236601,BGD
4389059,1555451,TUR
4389905,4248164,BEN
4389837,4346115,BGD
4389778,4369286,IND
4389815,1508018,PAK
4388337,4351101,IND
4389689,1531560,BGD
4389622,4367461,IDN
4389042,4359673,BGD
4388629,4362532,PHL
4389777,4374615,IDN
4389730,4349294,BGD
4389769,4374244,IDN
4389750,4367434,IDN
4387540,4360628,BGD
4389744,4360595,BGD
4389739,2440555,PHL
4389657,4357993,PAK
4389659,4357803,LKA
4389652,4373131,LKA
4387258,4376740,IDN
4389595,4366015,BGD
4389582,4362394,IND
4389535,2575859,IDN
4389563,4373680,IDN
4389521,4366872,IDN
4388655,4369910,PHL
4388737,4369023,IDN
4389515,4356983,PHL
4388244,4349294,BGD
4389465,4377773,BGD
4389410,4367550,MAR
4388579,4357803,LKA
4389351,4117971,IND
4389331,4372795,IDN
4389329,4379235,IDN
4389308,4388551,PHL
4388930,4372795,IDN
4389294,2197914,TUR
4389224,4367434,IDN
4389106,4119711,IDN
4389093,2995513,TUR
4389073,4389007,IDN
4389084,2197914,TUR
4389048,4150610,IDN
4388865,4367550,TUN
4388916,1625655,COL
4388331,4269578,IND
4388601,4388574,LKA
4388859,4357856,IND
4388814,1792935,IDN
4388806,2459991,IND
4388697,4367434,IDN
4387579,2197914,TUR
4388686,4244089,IND
4388660,4383933,TUR
4388620,4386413,LKA
4388558,4247861,IND
4388318,4352155,BGD
4388249,4350072,IND
4388526,2545676,PAK
4388551,668708,PHL
4388556,2197914,TUR
4388434,4365630,PHL
4388546,2191966,IND
4388530,1119120,IDN
4388507,4258641,IDN
4388503,4388462,USA
4388486,2379572,PAK
4388488,2379572,PAK
4387746,4249674,IND
4388371,4357803,LKA
4388376,4356110,IND
4388408,1062016,IND
4388357,4388026,CIV
4388378,1512007,BGD
4388358,4350898,BGD
4388326,4248900,BGD
4387381,4251541,BGD
4388333,4350166,BGD
4388236,4357803,LKA
4388306,4269578,IND
4388217,4340871,USA
4388280,4375070,IND
4387185,4279112,IND
4388242,4351688,BGD
4388071,2031281,ARE
4388248,4387913,IND
4387768,2461635,IND
4388168,4348132,USA
4388098,4357803,LKA
4388072,1061843,BGD
4388070,4008541,IND
4388057,2690152,IND
4388032,4378600,LKA
4387981,2436537,IND
4387980,1625655,LKA
4387968,4367550,MAR
4388002,4357091,IND
4387713,4349393,BGD
4387964,4372795,IDN
4387971,4372795,IDN
4387926,1061843,BGD
4387482,4387301,TUR
4387893,1060983,IND
4387804,4369895,IND
4387885,2441030,IND
4387813,4358039,BGD
4387848,4379580,IDN
4387649,4354795,IND
4387573,4364240,BGD
4387787,4373309,IDN
4386378,4349294,BGD
4387603,4177137,IND
4387747,2437990,IND
4387757,2440555,ESP
4387723,4367589,IND
4387451,4386534,BGD
4387676,1924441,ROU
4387160,4250667,BGD
4387648,3458750,BGD
4386997,4250667,BGD
4387631,4363535,IND
4387620,1234174,IDN
4387527,4373680,IDN
4387509,4350658,VNM
4387462,4367434,IDN
4386922,4386413,LKA
4387463,4250483,IND
4387465,2454276,IND
4387472,1625655,PAK
4387430,4367434,IDN
4387450,4370547,PHL
4387426,4311085,IND
4387363,4368644,IDN
4387419,4351069,BGD
4387444,4369436,BGD
4385674,4368249,BGD
4387349,4363839,IND
4387385,4269578,IND
4387345,2573405,IND
4386634,4351999,PAK
4387290,4378183,IDN
4387301,2197914,TUR
4386202,4386055,IDN
4387256,4365093,IND
4387292,3092415,BGD
4387214,4351069,BGD
4387154,4374880,IDN
4387234,2441030,IND
4387259,679540,RUS
4387216,4351069,BGD
4387206,4387192,IDN
4387208,4350985,NGA
4386951,4368644,IDN
4386540,4383206,LKA
4387129,2432279,IND
4387074,1146971,MRT
4386113,4177137,IND
4387133,2429671,TUR
4387083,4248900,BGD
4387062,1625655,LKA
4387075,2459991,LKA
4387064,4353790,BGD
4387039,2191286,IDN
4387025,4237245,PAK
4387029,1062016,IND
4386434,679540,BLR
4387009,4238184,UKR
4386988,4322386,IDN
4386981,1609981,BGD
4386949,4348602,IND
4386958,2441030,IND
4386930,4351069,BGD
4386880,4367216,PHL
4385503,4269578,IND
4386886,4250088,IND
4386391,4352298,IND
4386883,2451324,IND
4386872,4350985,NGA
4386859,4357803,LKA
4386847,4120505,BGD
4386724,2448039,IND
4386852,2507110,BGD
4386578,4357803,LKA
4386829,2471653,IND
4386809,4348211,BGD
4386803,4367216,PHL
4386749,4351069,BGD
4386600,1625655,IND
4386710,4248602,PAK
4386765,4368682,IDN
4386693,4357803,LKA
4386683,4386413,LKA
4386673,2195715,IND
4386676,4350646,BGD
4386655,4249648,BGD
4386609,4355022,BGD
4386597,4386413,LKA
4386466,4378590,BGD
4386630,4371982,IND
4386627,4373592,IDN
4386619,4360610,IDN
4386620,4386413,LKA
4386567,4350102,IND
4386584,2436537,IND
4386531,1609981,BGD
4386538,2436537,IND
4386500,4366530,KEN
4386488,2476924,IND
4386440,4365354,IND
4386413,4357803,LKA
4386404,4368682,IDN
4386453,4373097,IDN
4386419,1062016,BGD
4386237,2493350,IND
4386398,4363062,IND
4386374,4348602,PAK
4386297,2719183,IDN
4386414,2458339,IND
4386394,4369381,BGD
4386370,2459991,BGD
4386363,4365354,IND
4386342,1062016,IND
4386349,4361655,BGD
4386332,4362532,PHL
4386286,2479174,IND
4386227,4357803,LKA
4386331,4153634,IDN
4386329,1062016,IND
4386311,1257969,IND
4386281,3092415,BGD
4386221,4374374,IDN
4386274,4367487,VNM
4386179,4357803,LKA
4386196,1092231,BGD
4386200,1625655,IND
4385844,2436537,IND
4386157,1062016,IND
4386147,4362532,PHL
4386153,1066238,IND
4386137,4299002,IND
4386120,4366048,IND
4386043,4357803,LKA
4386091,4117971,IND
4386067,1146971,DZA
4385960,1625655,IND
4386046,4381971,IND
4386004,3092415,BGD
4386040,2459791,IND
4386011,2479670,IND
4385966,4365878,IND
4385955,2436537,IND
4385972,4366920,IDN
4385953,2436537,IND
4385924,4352908,PAK
4385903,4282025,VNM
4385862,4349393,BGD
4385812,1625655,LKA
4385821,4350633,IND
4385740,4117971,IND
4385746,4357803,LKA
4385428,1625655,IND
4385712,4384870,ROU
4385664,4375071,IDN
4385637,4350295,BGD
4385636,4248900,BGD
4385605,4383286,IND
4385571,4269578,IND
4385576,1096316,IDN
4385554,4350646,BGD
4385546,4367434,IDN
4385557,4367434,IDN
4385549,1625655,IND
4385558,4374852,IDN
4385517,2443659,IND
4385485,2443168,IND
4385365,4376740,IDN
4385491,4376025,BGD
4385469,4357236,BGD
4385430,4368607,PHL
4385460,2479422,IND
4385462,4349294,BGD
4385425,4357966,BGD
4385331,4269578,IND
4385422,4357803,LKA
4385401,1914247,IND
4385383,1625655,IND
4385393,4370547,IDN
4385366,1146971,MAR
4385355,4379235,IDN
4385312,4367487,VNM
4385283,1609981,BGD
